No.,標準特厚,種,typ,杭種,D,t,Fc,fc_,fbc,sigma_e,Ec,ap,dp,ftp,sigma_pu,Ep,has_reinf,nr,r_designation,ag,dr,ftr,Er,ts,fts,Es,ps_sigma_y,PipeGrade,CatalogAo,CatalogAc,CatalogAs,CatalogAe,CatalogIe,CatalogMl,CatalogMa,CatalogMu,CatalogQl,CatalogQa,CatalogWeight,Corr1Ao,Corr1Ac,Corr1As,Corr1Ae,Corr1Ie,Corr1Mu,Corr1Weight,Corr1Note
2001,標準型,,Hi-SC105-400-標準型-65-6,SC,400,65,105,60,0,0,40000,0,0,0,0,0,false,0,0,0,0,0,0,6,325,205000,0,SKK490,68400,61000,7400,99000,1590190000,173.0,259.0,438.0,464.0,698.0,0.208,67200,61000,6200,92600,1462420000,369.0,0.0,
2002,標準型,,Hi-SC105-400-標準型-65-7,SC,400,65,105,60,0,0,40000,0,0,0,0,0,false,0,0,0,0,0,0,7,325,205000,0,SKK490,68400,59800,8600,104100,1683980000,199.0,298.0,502.0,540.0,812.0,0.214,67200,59800,7400,97600,1556240000,434.0,0.0,
2003,標準型,,Hi-SC105-400-標準型-65-8,SC,400,65,105,60,0,0,40000,0,0,0,0,0,false,0,0,0,0,0,0,8,325,205000,0,SKK490,68400,58600,9900,109000,1776290000,224.0,336.0,563.0,615.0,926.0,0.221,67200,58600,8600,102600,1648580000,496.0,0.0,
2004,標準型,,Hi-SC105-400-標準型-65-9,SC,400,65,105,60,0,0,40000,0,0,0,0,0,false,0,0,0,0,0,0,9,325,205000,0,SKK490,68400,57400,11100,114000,1867130000,250.0,374.0,623.0,690.0,1039.0,0.227,67200,57400,9800,107600,1739460000,557.0,0.0,
2005,標準型,,Hi-SC105-400-標準型-65-10,SC,400,65,105,60,0,0,40000,0,0,0,0,0,false,0,0,0,0,0,0,10,325,205000,0,SKK490,68400,56200,12300,118900,1956510000,274.0,411.0,681.0,765.0,1151.0,0.234,67200,56200,11000,112500,1828880000,616.0,0.0,
2006,標準型,,Hi-SC105-400-標準型-65-11,SC,400,65,105,60,0,0,40000,0,0,0,0,0,false,0,0,0,0,0,0,11,325,205000,0,SKK490,68400,55000,13400,123900,2044440000,299.0,448.0,737.0,840.0,1263.0,0.24,67200,55000,12200,117400,1916860000,673.0,0.0,
2007,標準型,,Hi-SC105-400-標準型-65-12,SC,400,65,105,60,0,0,40000,0,0,0,0,0,false,0,0,0,0,0,0,12,325,205000,0,SKK490,68400,53800,14600,128700,2130930000,317.0,484.0,791.0,914.0,1374.0,0.246,67200,53800,13400,122300,2003400000,728.0,0.0,
2008,標準型,,Hi-SC105-400-標準型-65-13,SC,400,65,105,60,0,0,40000,0,0,0,0,0,false,0,0,0,0,0,0,13,325,205000,0,SKK490,68400,52600,15800,133600,2215990000,334.0,519.0,844.0,987.0,1485.0,0.253,67200,52600,14600,127200,2088520000,782.0,0.0,
2009,標準型,,Hi-SC105-400-標準型-65-14,SC,400,65,105,60,0,0,40000,0,0,0,0,0,false,0,0,0,0,0,0,14,325,205000,0,SKK490,68400,51400,17000,138400,2299640000,350.0,555.0,895.0,1061.0,1595.0,0.259,67200,51400,15700,132000,2172220000,834.0,0.0,
2010,標準型,,Hi-SC105-400-標準型-65-15,SC,400,65,105,60,0,0,40000,0,0,0,0,0,false,0,0,0,0,0,0,15,325,205000,0,SKK490,68400,50300,18100,143200,2381870000,367.0,589.0,946.0,1133.0,1705.0,0.265,67200,50300,16900,136800,2254530000,885.0,0.0,
2011,標準型,,Hi-SC105-400-標準型-65-16,SC,400,65,105,60,0,0,40000,0,0,0,0,0,false,0,0,0,0,0,0,16,325,205000,0,SKK490,68400,49100,19300,148000,2462710000,383.0,624.0,995.0,1206.0,1814.0,0.272,67200,49100,18000,141600,2335430000,934.0,0.0,
2012,標準型,,Hi-SC105-400-標準型-65-17,SC,400,65,105,60,0,0,40000,0,0,0,0,0,false,0,0,0,0,0,0,17,325,205000,0,SKK490,68400,48000,20500,152800,2542160000,400.0,658.0,1042.0,1278.0,1922.0,0.278,67200,48000,19200,146400,2414960000,983.0,0.0,
2013,標準型,,Hi-SC105-400-標準型-65-18,SC,400,65,105,60,0,0,40000,0,0,0,0,0,false,0,0,0,0,0,0,18,325,205000,0,SKK490,68400,46800,21600,157500,2620240000,416.0,691.0,1089.0,1350.0,2030.0,0.284,67200,46800,20300,151100,2493110000,1030.0,0.0,
2014,標準型,,Hi-SC105-400-標準型-65-19,SC,400,65,105,60,0,0,40000,0,0,0,0,0,false,0,0,0,0,0,0,19,325,205000,0,SKK490,68400,45700,22700,162200,2696950000,432.0,724.0,1135.0,1421.0,2137.0,0.29,67200,45700,21500,155800,2569900000,1076.0,0.0,
2015,標準型,,Hi-SC105-400-標準型-65-20,SC,400,65,105,60,0,0,40000,0,0,0,0,0,false,0,0,0,0,0,0,20,325,205000,0,SKK490,68400,44500,23900,166900,2772300000,448.0,757.0,1180.0,1492.0,2244.0,0.296,67200,44500,22600,160500,2645340000,1121.0,0.0,
2016,厚型,,Hi-SC105-400-厚型-80-6,SC,400,80,105,60,0,0,40000,0,0,0,0,0,false,0,0,0,0,0,0,6,325,205000,0,SKK490,80400,73000,7400,111100,1688200000,173.0,259.0,438.0,464.0,698.0,0.237,79200,73000,6200,104600,1560430000,369.0,0.0,
2017,厚型,,Hi-SC105-400-厚型-80-7,SC,400,80,105,60,0,0,40000,0,0,0,0,0,false,0,0,0,0,0,0,7,325,205000,0,SKK490,80400,71800,8600,116100,1781990000,199.0,298.0,502.0,540.0,812.0,0.244,79200,71800,7400,109700,1654250000,434.0,0.0,
2018,厚型,,Hi-SC105-400-厚型-80-8,SC,400,80,105,60,0,0,40000,0,0,0,0,0,false,0,0,0,0,0,0,8,325,205000,0,SKK490,80400,70600,9900,121100,1874300000,224.0,336.0,564.0,615.0,926.0,0.25,79200,70600,8600,114600,1746590000,497.0,0.0,
2019,厚型,,Hi-SC105-400-厚型-80-9,SC,400,80,105,60,0,0,40000,0,0,0,0,0,false,0,0,0,0,0,0,9,325,205000,0,SKK490,80400,69400,11100,126000,1965140000,250.0,374.0,624.0,690.0,1039.0,0.257,79200,69400,9800,119600,1837470000,558.0,0.0,
2020,厚型,,Hi-SC105-400-厚型-80-10,SC,400,80,105,60,0,0,40000,0,0,0,0,0,false,0,0,0,0,0,0,10,325,205000,0,SKK490,80400,68200,12300,131000,2054520000,274.0,411.0,683.0,765.0,1151.0,0.263,79200,68200,11000,124500,1926890000,617.0,0.0,
2021,厚型,,Hi-SC105-400-厚型-80-11,SC,400,80,105,60,0,0,40000,0,0,0,0,0,false,0,0,0,0,0,0,11,325,205000,0,SKK490,80400,67000,13400,135900,2142450000,299.0,448.0,740.0,840.0,1263.0,0.269,79200,67000,12200,129500,2014870000,675.0,0.0,
2022,厚型,,Hi-SC105-400-厚型-80-12,SC,400,80,105,60,0,0,40000,0,0,0,0,0,false,0,0,0,0,0,0,12,325,205000,0,SKK490,80400,65800,14600,140800,2228940000,323.0,484.0,796.0,914.0,1374.0,0.276,79200,65800,13400,134300,2101410000,732.0,0.0,
2023,厚型,,Hi-SC105-400-厚型-80-13,SC,400,80,105,60,0,0,40000,0,0,0,0,0,false,0,0,0,0,0,0,13,325,205000,0,SKK490,80400,64600,15800,145600,2314000000,345.0,520.0,850.0,987.0,1485.0,0.282,79200,64600,14600,139200,2186530000,787.0,0.0,
2024,厚型,,Hi-SC105-400-厚型-80-14,SC,400,80,105,60,0,0,40000,0,0,0,0,0,false,0,0,0,0,0,0,14,325,205000,0,SKK490,80400,63400,17000,150500,2397650000,362.0,555.0,903.0,1061.0,1595.0,0.289,79200,63400,15700,144000,2270230000,840.0,0.0,
2025,厚型,,Hi-SC105-400-厚型-80-15,SC,400,80,105,60,0,0,40000,0,0,0,0,0,false,0,0,0,0,0,0,15,325,205000,0,SKK490,80400,62300,18100,155300,2479880000,379.0,590.0,955.0,1133.0,1705.0,0.295,79200,62300,16900,148800,2352540000,893.0,0.0,
2026,厚型,,Hi-SC105-400-厚型-80-16,SC,400,80,105,60,0,0,40000,0,0,0,0,0,false,0,0,0,0,0,0,16,325,205000,0,SKK490,80400,61100,19300,160000,2560720000,396.0,624.0,1005.0,1206.0,1814.0,0.301,79200,61100,18000,153600,2433440000,944.0,0.0,
2027,厚型,,Hi-SC105-400-厚型-80-17,SC,400,80,105,60,0,0,40000,0,0,0,0,0,false,0,0,0,0,0,0,17,325,205000,0,SKK490,80400,60000,20500,164800,2640170000,413.0,658.0,1054.0,1278.0,1922.0,0.307,79200,60000,19200,158400,2512970000,994.0,0.0,
2028,厚型,,Hi-SC105-400-厚型-80-18,SC,400,80,105,60,0,0,40000,0,0,0,0,0,false,0,0,0,0,0,0,18,325,205000,0,SKK490,80400,58800,21600,169500,2718250000,429.0,692.0,1103.0,1350.0,2030.0,0.314,79200,58800,20300,163100,2591120000,1043.0,0.0,
2029,厚型,,Hi-SC105-400-厚型-80-19,SC,400,80,105,60,0,0,40000,0,0,0,0,0,false,0,0,0,0,0,0,19,325,205000,0,SKK490,80400,57700,22700,174200,2794960000,445.0,725.0,1150.0,1421.0,2137.0,0.32,79200,57700,21500,167800,2667910000,1090.0,0.0,
2030,厚型,,Hi-SC105-400-厚型-80-20,SC,400,80,105,60,0,0,40000,0,0,0,0,0,false,0,0,0,0,0,0,20,325,205000,0,SKK490,80400,56500,23900,178900,2870310000,461.0,757.0,1196.0,1492.0,2244.0,0.326,79200,56500,22600,172500,2743350000,1137.0,0.0,
2031,特厚型,,Hi-SC105-400-特厚型-95-6,SC,400,95,105,60,0,0,40000,0,0,0,0,0,false,0,0,0,0,0,0,6,325,205000,0,SKK490,91000,83600,7400,121700,1755600000,172.0,259.0,438.0,464.0,698.0,0.263,89800,83600,6200,115200,1627830000,369.0,0.0,
2032,特厚型,,Hi-SC105-400-特厚型-95-7,SC,400,95,105,60,0,0,40000,0,0,0,0,0,false,0,0,0,0,0,0,7,325,205000,0,SKK490,91000,82400,8600,126700,1849390000,198.0,298.0,502.0,540.0,812.0,0.27,89800,82400,7400,120300,1721650000,434.0,0.0,
2033,特厚型,,Hi-SC105-400-特厚型-95-8,SC,400,95,105,60,0,0,40000,0,0,0,0,0,false,0,0,0,0,0,0,8,325,205000,0,SKK490,91000,81200,9900,131700,1941700000,224.0,336.0,564.0,615.0,926.0,0.276,89800,81200,8600,125200,1813990000,497.0,0.0,
2034,特厚型,,Hi-SC105-400-特厚型-95-9,SC,400,95,105,60,0,0,40000,0,0,0,0,0,false,0,0,0,0,0,0,9,325,205000,0,SKK490,91000,80000,11100,136600,2032540000,249.0,373.0,624.0,690.0,1039.0,0.283,89800,80000,9800,130200,1904870000,558.0,0.0,
2035,特厚型,,Hi-SC105-400-特厚型-95-10,SC,400,95,105,60,0,0,40000,0,0,0,0,0,false,0,0,0,0,0,0,10,325,205000,0,SKK490,91000,78800,12300,141600,2121920000,274.0,411.0,683.0,765.0,1151.0,0.289,89800,78800,11000,135100,1994290000,617.0,0.0,
2036,特厚型,,Hi-SC105-400-特厚型-95-11,SC,400,95,105,60,0,0,40000,0,0,0,0,0,false,0,0,0,0,0,0,11,325,205000,0,SKK490,91000,77600,13400,146500,2209850000,298.0,447.0,740.0,840.0,1263.0,0.296,89800,77600,12200,140100,2082260000,676.0,0.0,
2037,特厚型,,Hi-SC105-400-特厚型-95-12,SC,400,95,105,60,0,0,40000,0,0,0,0,0,false,0,0,0,0,0,0,12,325,205000,0,SKK490,91000,76400,14600,151400,2296340000,323.0,483.0,796.0,914.0,1374.0,0.302,89800,76400,13400,144900,2168810000,732.0,0.0,
2038,特厚型,,Hi-SC105-400-特厚型-95-13,SC,400,95,105,60,0,0,40000,0,0,0,0,0,false,0,0,0,0,0,0,13,325,205000,0,SKK490,91000,75200,15800,156200,2381400000,346.0,519.0,851.0,987.0,1485.0,0.308,89800,75200,14600,149800,2253920000,788.0,0.0,
2039,特厚型,,Hi-SC105-400-特厚型-95-14,SC,400,95,105,60,0,0,40000,0,0,0,0,0,false,0,0,0,0,0,0,14,325,205000,0,SKK490,91000,74100,17000,161100,2465040000,370.0,554.0,905.0,1061.0,1595.0,0.315,89800,74100,15700,154600,2337630000,842.0,0.0,
2040,特厚型,,Hi-SC105-400-特厚型-95-15,SC,400,95,105,60,0,0,40000,0,0,0,0,0,false,0,0,0,0,0,0,15,325,205000,0,SKK490,91000,72900,18100,165900,2547280000,387.0,589.0,957.0,1133.0,1705.0,0.321,89800,72900,16900,159400,2419930000,895.0,0.0,
2041,特厚型,,Hi-SC105-400-特厚型-95-16,SC,400,95,105,60,0,0,40000,0,0,0,0,0,false,0,0,0,0,0,0,16,325,205000,0,SKK490,91000,71700,19300,170600,2628120000,404.0,624.0,1008.0,1206.0,1814.0,0.327,89800,71700,18000,164200,2500840000,946.0,0.0,
2042,特厚型,,Hi-SC105-400-特厚型-95-17,SC,400,95,105,60,0,0,40000,0,0,0,0,0,false,0,0,0,0,0,0,17,325,205000,0,SKK490,91000,70600,20500,175400,2707570000,421.0,658.0,1058.0,1278.0,1922.0,0.333,89800,70600,19200,169000,2580360000,997.0,0.0,
2043,特厚型,,Hi-SC105-400-特厚型-95-18,SC,400,95,105,60,0,0,40000,0,0,0,0,0,false,0,0,0,0,0,0,18,325,205000,0,SKK490,91000,69400,21600,180100,2785640000,438.0,691.0,1108.0,1350.0,2030.0,0.34,89800,69400,20300,173700,2658520000,1047.0,0.0,
2044,特厚型,,Hi-SC105-400-特厚型-95-19,SC,400,95,105,60,0,0,40000,0,0,0,0,0,false,0,0,0,0,0,0,19,325,205000,0,SKK490,91000,68300,22700,184800,2862350000,454.0,724.0,1156.0,1421.0,2137.0,0.346,89800,68300,21500,178400,2735310000,1095.0,0.0,
2045,特厚型,,Hi-SC105-400-特厚型-95-20,SC,400,95,105,60,0,0,40000,0,0,0,0,0,false,0,0,0,0,0,0,20,325,205000,0,SKK490,91000,67200,23900,189500,2937700000,471.0,757.0,1203.0,1492.0,2244.0,0.352,89800,67200,22600,183100,2810740000,1143.0,0.0,
2046,標準型,,Hi-SC105-450-標準型-70-6,SC,450,70,105,60,0,0,40000,0,0,0,0,0,false,0,0,0,0,0,0,6,325,205000,0,SKK490,83600,75200,8400,118100,2410230000,221.0,332.0,562.0,523.0,786.0,0.25,82200,75200,7000,110900,2228140000,473.0,0.0,
2047,標準型,,Hi-SC105-450-標準型-70-7,SC,450,70,105,60,0,0,40000,0,0,0,0,0,false,0,0,0,0,0,0,7,325,205000,0,SKK490,83600,73800,9700,123800,2545310000,255.0,382.0,644.0,608.0,915.0,0.257,82200,73800,8300,116500,2363240000,557.0,0.0,
2048,標準型,,Hi-SC105-450-標準型-70-8,SC,450,70,105,60,0,0,40000,0,0,0,0,0,false,0,0,0,0,0,0,8,325,205000,0,SKK490,83600,72500,11100,129400,2678490000,287.0,431.0,724.0,694.0,1044.0,0.265,82200,72500,9700,122200,2496470000,638.0,0.0,
2049,標準型,,Hi-SC105-450-標準型-70-9,SC,450,70,105,60,0,0,40000,0,0,0,0,0,false,0,0,0,0,0,0,9,325,205000,0,SKK490,83600,71100,12500,135000,2809810000,320.0,479.0,802.0,779.0,1172.0,0.272,82200,71100,11100,127800,2627830000,717.0,0.0,
2050,標準型,,Hi-SC105-450-標準型-70-10,SC,450,70,105,60,0,0,40000,0,0,0,0,0,false,0,0,0,0,0,0,10,325,205000,0,SKK490,83600,69700,13800,140600,2939260000,351.0,527.0,877.0,863.0,1299.0,0.279,82200,69700,12400,133400,2757330000,794.0,0.0,
2051,標準型,,Hi-SC105-450-標準型-70-11,SC,450,70,105,60,0,0,40000,0,0,0,0,0,false,0,0,0,0,0,0,11,325,205000,0,SKK490,83600,68400,15200,146100,3066870000,383.0,574.0,950.0,948.0,1426.0,0.287,82200,68400,13800,138900,2884990000,868.0,0.0,
2052,標準型,,Hi-SC105-450-標準型-70-12,SC,450,70,105,60,0,0,40000,0,0,0,0,0,false,0,0,0,0,0,0,12,325,205000,0,SKK490,83600,67100,16500,151700,3192640000,414.0,620.0,1021.0,1032.0,1552.0,0.294,82200,67100,15100,144400,3010810000,940.0,0.0,
2053,標準型,,Hi-SC105-450-標準型-70-13,SC,450,70,105,60,0,0,40000,0,0,0,0,0,false,0,0,0,0,0,0,13,325,205000,0,SKK490,83600,65700,17800,157200,3316580000,437.0,666.0,1090.0,1115.0,1677.0,0.301,82200,65700,16400,150000,3134820000,1011.0,0.0,
2054,標準型,,Hi-SC105-450-標準型-70-14,SC,450,70,105,60,0,0,40000,0,0,0,0,0,false,0,0,0,0,0,0,14,325,205000,0,SKK490,83600,64400,19200,162700,3438710000,458.0,711.0,1158.0,1198.0,1802.0,0.308,82200,64400,17800,155400,3257020000,1079.0,0.0,
2055,標準型,,Hi-SC105-450-標準型-70-15,SC,450,70,105,60,0,0,40000,0,0,0,0,0,false,0,0,0,0,0,0,15,325,205000,0,SKK490,83600,63100,20500,168100,3559040000,479.0,756.0,1223.0,1281.0,1926.0,0.315,82200,63100,19100,160900,3377420000,1146.0,0.0,
2056,標準型,,Hi-SC105-450-標準型-70-16,SC,450,70,105,60,0,0,40000,0,0,0,0,0,false,0,0,0,0,0,0,16,325,205000,0,SKK490,83600,61800,21800,173600,3677570000,500.0,801.0,1287.0,1363.0,2050.0,0.322,82200,61800,20400,166300,3496030000,1210.0,0.0,
2057,標準型,,Hi-SC105-450-標準型-70-17,SC,450,70,105,60,0,0,40000,0,0,0,0,0,false,0,0,0,0,0,0,17,325,205000,0,SKK490,83600,60400,23100,179000,3794330000,521.0,844.0,1350.0,1445.0,2173.0,0.329,82200,60400,21700,171700,3612870000,1274.0,0.0,
2058,標準型,,Hi-SC105-450-標準型-70-18,SC,450,70,105,60,0,0,40000,0,0,0,0,0,false,0,0,0,0,0,0,18,325,205000,0,SKK490,83600,59100,24400,184300,3909320000,542.0,888.0,1412.0,1526.0,2296.0,0.336,82200,59100,23000,177100,3727950000,1336.0,0.0,
2059,標準型,,Hi-SC105-450-標準型-70-19,SC,450,70,105,60,0,0,40000,0,0,0,0,0,false,0,0,0,0,0,0,19,325,205000,0,SKK490,83600,57800,25700,189700,4022550000,562.0,931.0,1472.0,1607.0,2418.0,0.343,82200,57800,24300,182500,3841280000,1397.0,0.0,
2060,標準型,,Hi-SC105-450-標準型-70-20,SC,450,70,105,60,0,0,40000,0,0,0,0,0,false,0,0,0,0,0,0,20,325,205000,0,SKK490,83600,56500,27000,195000,4134040000,583.0,973.0,1531.0,1688.0,2539.0,0.35,82200,56500,25600,187800,3952870000,1456.0,0.0,
2061,標準型,,Hi-SC105-450-標準型-70-21,SC,450,70,105,60,0,0,40000,0,0,0,0,0,false,0,0,0,0,0,0,21,325,205000,0,SKK490,83600,55300,28300,200300,4243800000,603.0,1015.0,1589.0,1768.0,2660.0,0.357,82200,55300,26900,193100,4062730000,1514.0,0.0,
2062,標準型,,Hi-SC105-450-標準型-70-22,SC,450,70,105,60,0,0,40000,0,0,0,0,0,false,0,0,0,0,0,0,22,325,205000,0,SKK490,83600,54000,29600,205600,4351840000,623.0,1057.0,1645.0,1848.0,2780.0,0.364,82200,54000,28200,198400,4170870000,1571.0,0.0,
2063,厚型,,Hi-SC105-450-厚型-85-6,SC,450,85,105,60,0,0,40000,0,0,0,0,0,false,0,0,0,0,0,0,6,325,205000,0,SKK490,97500,89100,8400,132000,2561850000,221.0,332.0,562.0,523.0,786.0,0.284,96100,89100,7000,124800,2379750000,473.0,0.0,
2064,厚型,,Hi-SC105-450-厚型-85-7,SC,450,85,105,60,0,0,40000,0,0,0,0,0,false,0,0,0,0,0,0,7,325,205000,0,SKK490,97500,87700,9700,137700,2696920000,255.0,382.0,645.0,608.0,915.0,0.291,96100,87700,8300,130400,2514850000,557.0,0.0,
2065,厚型,,Hi-SC105-450-厚型-85-8,SC,450,85,105,60,0,0,40000,0,0,0,0,0,false,0,0,0,0,0,0,8,325,205000,0,SKK490,97500,86400,11100,143300,2830110000,287.0,431.0,725.0,694.0,1044.0,0.299,96100,86400,9700,136100,2648080000,639.0,0.0,
2066,厚型,,Hi-SC105-450-厚型-85-9,SC,450,85,105,60,0,0,40000,0,0,0,0,0,false,0,0,0,0,0,0,9,325,205000,0,SKK490,97500,85000,12500,148900,2961420000,320.0,479.0,803.0,779.0,1172.0,0.306,96100,85000,11100,141700,2779440000,718.0,0.0,
2067,厚型,,Hi-SC105-450-厚型-85-10,SC,450,85,105,60,0,0,40000,0,0,0,0,0,false,0,0,0,0,0,0,10,325,205000,0,SKK490,97500,83600,13800,154500,3090880000,352.0,527.0,879.0,863.0,1299.0,0.313,96100,83600,12400,147300,2908940000,795.0,0.0,
2068,厚型,,Hi-SC105-450-厚型-85-11,SC,450,85,105,60,0,0,40000,0,0,0,0,0,false,0,0,0,0,0,0,11,325,205000,0,SKK490,97500,82300,15200,160000,3218480000,383.0,574.0,954.0,948.0,1426.0,0.321,96100,82300,13800,152800,3036600000,871.0,0.0,
2069,厚型,,Hi-SC105-450-厚型-85-12,SC,450,85,105,60,0,0,40000,0,0,0,0,0,false,0,0,0,0,0,0,12,325,205000,0,SKK490,97500,81000,16500,165600,3344250000,414.0,621.0,1026.0,1032.0,1552.0,0.328,96100,81000,15100,158400,3162430000,944.0,0.0,
2070,厚型,,Hi-SC105-450-厚型-85-13,SC,450,85,105,60,0,0,40000,0,0,0,0,0,false,0,0,0,0,0,0,13,325,205000,0,SKK490,97500,79600,17800,171100,3468190000,445.0,667.0,1097.0,1115.0,1677.0,0.335,96100,79600,16400,163900,3286430000,1016.0,0.0,
2071,厚型,,Hi-SC105-450-厚型-85-14,SC,450,85,105,60,0,0,40000,0,0,0,0,0,false,0,0,0,0,0,0,14,325,205000,0,SKK490,97500,78300,19200,176600,3590320000,474.0,712.0,1166.0,1198.0,1802.0,0.342,96100,78300,17800,169300,3408630000,1086.0,0.0,
2072,厚型,,Hi-SC105-450-厚型-85-15,SC,450,85,105,60,0,0,40000,0,0,0,0,0,false,0,0,0,0,0,0,15,325,205000,0,SKK490,97500,77000,20500,182000,3710650000,496.0,757.0,1234.0,1281.0,1926.0,0.349,96100,77000,19100,174800,3529030000,1155.0,0.0,
2073,厚型,,Hi-SC105-450-厚型-85-16,SC,450,85,105,60,0,0,40000,0,0,0,0,0,false,0,0,0,0,0,0,16,325,205000,0,SKK490,97500,75700,21800,187500,3829190000,517.0,801.0,1300.0,1363.0,2050.0,0.356,96100,75700,20400,180200,3647650000,1222.0,0.0,
2074,厚型,,Hi-SC105-450-厚型-85-17,SC,450,85,105,60,0,0,40000,0,0,0,0,0,false,0,0,0,0,0,0,17,325,205000,0,SKK490,97500,74300,23100,192900,3945940000,538.0,845.0,1365.0,1445.0,2173.0,0.363,96100,74300,21700,185600,3764490000,1287.0,0.0,
2075,厚型,,Hi-SC105-450-厚型-85-18,SC,450,85,105,60,0,0,40000,0,0,0,0,0,false,0,0,0,0,0,0,18,325,205000,0,SKK490,97500,73000,24400,198200,4060930000,559.0,889.0,1428.0,1526.0,2296.0,0.371,96100,73000,23000,191000,3879570000,1351.0,0.0,
2076,厚型,,Hi-SC105-450-厚型-85-19,SC,450,85,105,60,0,0,40000,0,0,0,0,0,false,0,0,0,0,0,0,19,325,205000,0,SKK490,97500,71700,25700,203600,4174170000,580.0,932.0,1490.0,1607.0,2418.0,0.378,96100,71700,24300,196400,3992890000,1414.0,0.0,
2077,厚型,,Hi-SC105-450-厚型-85-20,SC,450,85,105,60,0,0,40000,0,0,0,0,0,false,0,0,0,0,0,0,20,325,205000,0,SKK490,97500,70500,27000,208900,4285660000,601.0,974.0,1551.0,1688.0,2539.0,0.384,96100,70500,25600,201700,4104480000,1475.0,0.0,
2078,厚型,,Hi-SC105-450-厚型-85-21,SC,450,85,105,60,0,0,40000,0,0,0,0,0,false,0,0,0,0,0,0,21,325,205000,0,SKK490,97500,69200,28300,214200,4395420000,621.0,1016.0,1611.0,1768.0,2660.0,0.391,96100,69200,26900,207000,4214340000,1535.0,0.0,
2079,厚型,,Hi-SC105-450-厚型-85-22,SC,450,85,105,60,0,0,40000,0,0,0,0,0,false,0,0,0,0,0,0,22,325,205000,0,SKK490,97500,67900,29600,219500,4503450000,642.0,1058.0,1669.0,1848.0,2780.0,0.398,96100,67900,28200,212300,4322490000,1594.0,0.0,
2080,特厚型,,Hi-SC105-450-特厚型-100-6,SC,450,100,105,60,0,0,40000,0,0,0,0,0,false,0,0,0,0,0,0,6,325,205000,0,SKK490,110000,101600,8400,144500,2671820000,221.0,331.0,562.0,523.0,786.0,0.314,108500,101600,7000,137200,2489720000,473.0,0.0,
2081,特厚型,,Hi-SC105-450-特厚型-100-7,SC,450,100,105,60,0,0,40000,0,0,0,0,0,false,0,0,0,0,0,0,7,325,205000,0,SKK490,110000,100200,9700,150100,2806890000,254.0,381.0,645.0,608.0,915.0,0.322,108500,100200,8300,142900,2624830000,557.0,0.0,
2082,特厚型,,Hi-SC105-450-特厚型-100-8,SC,450,100,105,60,0,0,40000,0,0,0,0,0,false,0,0,0,0,0,0,8,325,205000,0,SKK490,110000,98800,11100,155800,2940080000,287.0,430.0,725.0,694.0,1044.0,0.329,108500,98800,9700,148500,2758050000,639.0,0.0,
2083,特厚型,,Hi-SC105-450-特厚型-100-9,SC,450,100,105,60,0,0,40000,0,0,0,0,0,false,0,0,0,0,0,0,9,325,205000,0,SKK490,110000,97500,12500,161400,3071390000,319.0,479.0,803.0,779.0,1172.0,0.337,108500,97500,11100,154200,2889410000,718.0,0.0,
2084,特厚型,,Hi-SC105-450-特厚型-100-10,SC,450,100,105,60,0,0,40000,0,0,0,0,0,false,0,0,0,0,0,0,10,325,205000,0,SKK490,110000,96100,13800,167000,3200850000,351.0,526.0,879.0,863.0,1299.0,0.344,108500,96100,12400,159700,3018910000,795.0,0.0,
2085,特厚型,,Hi-SC105-450-特厚型-100-11,SC,450,100,105,60,0,0,40000,0,0,0,0,0,false,0,0,0,0,0,0,11,325,205000,0,SKK490,110000,94800,15200,172500,3328450000,383.0,574.0,954.0,948.0,1426.0,0.351,108500,94800,13800,165300,3146570000,871.0,0.0,
2086,特厚型,,Hi-SC105-450-特厚型-100-12,SC,450,100,105,60,0,0,40000,0,0,0,0,0,false,0,0,0,0,0,0,12,325,205000,0,SKK490,110000,93400,16500,178100,3454220000,414.0,620.0,1027.0,1032.0,1552.0,0.358,108500,93400,15100,170800,3272400000,945.0,0.0,
2087,特厚型,,Hi-SC105-450-特厚型-100-13,SC,450,100,105,60,0,0,40000,0,0,0,0,0,false,0,0,0,0,0,0,13,325,205000,0,SKK490,110000,92100,17800,183600,3578170000,445.0,666.0,1099.0,1115.0,1677.0,0.366,108500,92100,16400,176300,3396400000,1017.0,0.0,
2088,特厚型,,Hi-SC105-450-特厚型-100-14,SC,450,100,105,60,0,0,40000,0,0,0,0,0,false,0,0,0,0,0,0,14,325,205000,0,SKK490,110000,90800,19200,189100,3700290000,475.0,712.0,1169.0,1198.0,1802.0,0.373,108500,90800,17800,181800,3518600000,1088.0,0.0,
2089,特厚型,,Hi-SC105-450-特厚型-100-15,SC,450,100,105,60,0,0,40000,0,0,0,0,0,false,0,0,0,0,0,0,15,325,205000,0,SKK490,110000,89500,20500,194500,3820620000,505.0,757.0,1237.0,1281.0,1926.0,0.38,108500,89500,19100,187300,3639000000,1157.0,0.0,
2090,特厚型,,Hi-SC105-450-特厚型-100-16,SC,450,100,105,60,0,0,40000,0,0,0,0,0,false,0,0,0,0,0,0,16,325,205000,0,SKK490,110000,88100,21800,199900,3939160000,529.0,801.0,1304.0,1363.0,2050.0,0.387,108500,88100,20400,192700,3757620000,1225.0,0.0,
2091,特厚型,,Hi-SC105-450-特厚型-100-17,SC,450,100,105,60,0,0,40000,0,0,0,0,0,false,0,0,0,0,0,0,17,325,205000,0,SKK490,110000,86800,23100,205300,4055920000,550.0,845.0,1370.0,1445.0,2173.0,0.394,108500,86800,21700,198100,3874460000,1292.0,0.0,
2092,特厚型,,Hi-SC105-450-特厚型-100-18,SC,450,100,105,60,0,0,40000,0,0,0,0,0,false,0,0,0,0,0,0,18,325,205000,0,SKK490,110000,85500,24400,210700,4170910000,572.0,888.0,1435.0,1526.0,2296.0,0.401,108500,85500,23000,203500,3989540000,1357.0,0.0,
2093,特厚型,,Hi-SC105-450-特厚型-100-19,SC,450,100,105,60,0,0,40000,0,0,0,0,0,false,0,0,0,0,0,0,19,325,205000,0,SKK490,110000,84200,25700,216100,4284140000,593.0,931.0,1498.0,1607.0,2418.0,0.408,108500,84200,24300,208800,4102860000,1421.0,0.0,
2094,特厚型,,Hi-SC105-450-特厚型-100-20,SC,450,100,105,60,0,0,40000,0,0,0,0,0,false,0,0,0,0,0,0,20,325,205000,0,SKK490,110000,82900,27000,221400,4395630000,614.0,974.0,1560.0,1688.0,2539.0,0.415,108500,82900,25600,214200,4214450000,1483.0,0.0,
2095,特厚型,,Hi-SC105-450-特厚型-100-21,SC,450,100,105,60,0,0,40000,0,0,0,0,0,false,0,0,0,0,0,0,21,325,205000,0,SKK490,110000,81700,28300,226700,4505390000,635.0,1016.0,1621.0,1768.0,2660.0,0.422,108500,81700,26900,219500,4324310000,1545.0,0.0,
2096,特厚型,,Hi-SC105-450-特厚型-100-22,SC,450,100,105,60,0,0,40000,0,0,0,0,0,false,0,0,0,0,0,0,22,325,205000,0,SKK490,110000,80400,29600,232000,4613420000,655.0,1058.0,1681.0,1848.0,2780.0,0.429,108500,80400,28200,224700,4432460000,1605.0,0.0,
2097,標準型,,Hi-SC105-500-標準型-80-6,SC,500,80,105,60,0,0,40000,0,0,0,0,0,false,0,0,0,0,0,0,6,325,205000,0,SKK490,105600,96200,9300,144000,3583640000,276.0,414.0,702.0,581.0,875.0,0.309,104000,96200,7700,135900,3333670000,590.0,0.0,
2098,標準型,,Hi-SC105-500-標準型-80-7,SC,500,80,105,60,0,0,40000,0,0,0,0,0,false,0,0,0,0,0,0,7,325,205000,0,SKK490,105600,94700,10800,150300,3770620000,318.0,476.0,806.0,677.0,1019.0,0.317,104000,94700,9300,142200,3520680000,696.0,0.0,
2099,標準型,,Hi-SC105-500-標準型-80-8,SC,500,80,105,60,0,0,40000,0,0,0,0,0,false,0,0,0,0,0,0,8,325,205000,0,SKK490,105600,93200,12400,156600,3955250000,359.0,537.0,907.0,772.0,1162.0,0.325,104000,93200,10800,148500,3705350000,799.0,0.0,
2100,標準型,,Hi-SC105-500-標準型-80-9,SC,500,80,105,60,0,0,40000,0,0,0,0,0,false,0,0,0,0,0,0,9,325,205000,0,SKK490,105600,91700,13900,162800,4137570000,399.0,598.0,1005.0,867.0,1304.0,0.333,104000,91700,12300,154800,3887720000,899.0,0.0,
2101,標準型,,Hi-SC105-500-標準型-80-10,SC,500,80,105,60,0,0,40000,0,0,0,0,0,false,0,0,0,0,0,0,10,325,205000,0,SKK490,105600,90200,15400,169100,4317570000,439.0,657.0,1100.0,962.0,1447.0,0.342,104000,90200,13800,161000,4067770000,996.0,0.0,
2102,標準型,,Hi-SC105-500-標準型-80-11,SC,500,80,105,60,0,0,40000,0,0,0,0,0,false,0,0,0,0,0,0,11,325,205000,0,SKK490,105600,88700,16900,175300,4495280000,478.0,716.0,1194.0,1056.0,1588.0,0.35,104000,88700,15300,167200,4245540000,1091.0,0.0,
2103,標準型,,Hi-SC105-500-標準型-80-12,SC,500,80,105,60,0,0,40000,0,0,0,0,0,false,0,0,0,0,0,0,12,325,205000,0,SKK490,105600,87200,18400,181400,4670700000,517.0,774.0,1285.0,1149.0,1729.0,0.358,104000,87200,16800,173400,4421020000,1183.0,0.0,
2104,標準型,,Hi-SC105-500-標準型-80-13,SC,500,80,105,60,0,0,40000,0,0,0,0,0,false,0,0,0,0,0,0,13,325,205000,0,SKK490,105600,85700,19900,187600,4843850000,555.0,832.0,1373.0,1243.0,1869.0,0.366,104000,85700,18300,179600,4594240000,1273.0,0.0,
2105,標準型,,Hi-SC105-500-標準型-80-14,SC,500,80,105,60,0,0,40000,0,0,0,0,0,false,0,0,0,0,0,0,14,325,205000,0,SKK490,105600,84200,21400,193700,5014740000,590.0,889.0,1460.0,1335.0,2009.0,0.374,104000,84200,19800,185700,4765210000,1361.0,0.0,
2106,標準型,,Hi-SC105-500-標準型-80-15,SC,500,80,105,60,0,0,40000,0,0,0,0,0,false,0,0,0,0,0,0,15,325,205000,0,SKK490,105600,82700,22900,199800,5183390000,617.0,945.0,1544.0,1428.0,2148.0,0.382,104000,82700,21300,191800,4933940000,1447.0,0.0,
2107,標準型,,Hi-SC105-500-標準型-80-16,SC,500,80,105,60,0,0,40000,0,0,0,0,0,false,0,0,0,0,0,0,16,325,205000,0,SKK490,105600,81200,24300,205900,5349800000,644.0,1001.0,1627.0,1520.0,2286.0,0.39,104000,81200,22800,197900,5100440000,1530.0,0.0,
2108,標準型,,Hi-SC105-500-標準型-80-17,SC,500,80,105,60,0,0,40000,0,0,0,0,0,false,0,0,0,0,0,0,17,325,205000,0,SKK490,105600,79800,25800,212000,5514000000,670.0,1056.0,1708.0,1612.0,2424.0,0.398,104000,79800,24200,203900,5264730000,1612.0,0.0,
2109,標準型,,Hi-SC105-500-標準型-80-18,SC,500,80,105,60,0,0,40000,0,0,0,0,0,false,0,0,0,0,0,0,18,325,205000,0,SKK490,105600,78300,27300,218000,5675990000,696.0,1111.0,1787.0,1703.0,2562.0,0.406,104000,78300,25700,210000,5426820000,1692.0,0.0,
2110,標準型,,Hi-SC105-500-標準型-80-19,SC,500,80,105,60,0,0,40000,0,0,0,0,0,false,0,0,0,0,0,0,19,325,205000,0,SKK490,105600,76800,28700,224000,5835780000,722.0,1165.0,1865.0,1794.0,2698.0,0.413,104000,76800,27100,216000,5586720000,1770.0,0.0,
2111,標準型,,Hi-SC105-500-標準型-80-20,SC,500,80,105,60,0,0,40000,0,0,0,0,0,false,0,0,0,0,0,0,20,325,205000,0,SKK490,105600,75400,30200,230000,5993400000,747.0,1218.0,1941.0,1884.0,2834.0,0.421,104000,75400,28600,221900,5744450000,1847.0,0.0,
2112,標準型,,Hi-SC105-500-標準型-80-21,SC,500,80,105,60,0,0,40000,0,0,0,0,0,false,0,0,0,0,0,0,21,325,205000,0,SKK490,105600,74000,31600,235900,6148850000,773.0,1271.0,2015.0,1975.0,2970.0,0.429,104000,74000,30000,227900,5900010000,1922.0,0.0,
2113,標準型,,Hi-SC105-500-標準型-80-22,SC,500,80,105,60,0,0,40000,0,0,0,0,0,false,0,0,0,0,0,0,22,325,205000,0,SKK490,105600,72500,33000,241800,6302140000,798.0,1324.0,2089.0,2064.0,3105.0,0.437,104000,72500,31500,233800,6053430000,1996.0,0.0,
2114,厚型,,Hi-SC105-500-厚型-100-6,SC,500,100,105,60,0,0,40000,0,0,0,0,0,false,0,0,0,0,0,0,6,325,205000,0,SKK490,125700,116400,9300,164100,3842010000,276.0,413.0,702.0,581.0,875.0,0.358,124100,116400,7700,156000,3592030000,590.0,0.0,
2115,厚型,,Hi-SC105-500-厚型-100-7,SC,500,100,105,60,0,0,40000,0,0,0,0,0,false,0,0,0,0,0,0,7,325,205000,0,SKK490,125700,114800,10800,170400,4028980000,317.0,476.0,806.0,677.0,1019.0,0.366,124100,114800,9300,162400,3779040000,696.0,0.0,
2116,厚型,,Hi-SC105-500-厚型-100-8,SC,500,100,105,60,0,0,40000,0,0,0,0,0,false,0,0,0,0,0,0,8,325,205000,0,SKK490,125700,113300,12400,176700,4213620000,358.0,537.0,907.0,772.0,1162.0,0.374,124100,113300,10800,168600,3963720000,799.0,0.0,
2117,厚型,,Hi-SC105-500-厚型-100-9,SC,500,100,105,60,0,0,40000,0,0,0,0,0,false,0,0,0,0,0,0,9,325,205000,0,SKK490,125700,111800,13900,182900,4395930000,399.0,598.0,1005.0,867.0,1304.0,0.383,124100,111800,12300,174900,4146080000,899.0,0.0,
2118,厚型,,Hi-SC105-500-厚型-100-10,SC,500,100,105,60,0,0,40000,0,0,0,0,0,false,0,0,0,0,0,0,10,325,205000,0,SKK490,125700,110300,15400,189200,4575930000,439.0,657.0,1102.0,962.0,1447.0,0.391,124100,110300,13800,181100,4326140000,997.0,0.0,
2119,厚型,,Hi-SC105-500-厚型-100-11,SC,500,100,105,60,0,0,40000,0,0,0,0,0,false,0,0,0,0,0,0,11,325,205000,0,SKK490,125700,108800,16900,195400,4753640000,478.0,716.0,1196.0,1056.0,1588.0,0.399,124100,108800,15300,187300,4503900000,1092.0,0.0,
2120,厚型,,Hi-SC105-500-厚型-100-12,SC,500,100,105,60,0,0,40000,0,0,0,0,0,false,0,0,0,0,0,0,12,325,205000,0,SKK490,125700,107300,18400,201600,4929060000,517.0,775.0,1289.0,1149.0,1729.0,0.407,124100,107300,16800,193500,4679390000,1186.0,0.0,
2121,厚型,,Hi-SC105-500-厚型-100-13,SC,500,100,105,60,0,0,40000,0,0,0,0,0,false,0,0,0,0,0,0,13,325,205000,0,SKK490,125700,105800,19900,207700,5102210000,556.0,832.0,1379.0,1243.0,1869.0,0.415,124100,105800,18300,199700,4852610000,1277.0,0.0,
2122,厚型,,Hi-SC105-500-厚型-100-14,SC,500,100,105,60,0,0,40000,0,0,0,0,0,false,0,0,0,0,0,0,14,325,205000,0,SKK490,125700,104300,21400,213800,5273100000,594.0,889.0,1468.0,1335.0,2009.0,0.423,124100,104300,19800,205800,5023580000,1367.0,0.0,
2123,厚型,,Hi-SC105-500-厚型-100-15,SC,500,100,105,60,0,0,40000,0,0,0,0,0,false,0,0,0,0,0,0,15,325,205000,0,SKK490,125700,102800,22900,219900,5441750000,631.0,946.0,1554.0,1428.0,2148.0,0.431,124100,102800,21300,211900,5192310000,1455.0,0.0,
2124,厚型,,Hi-SC105-500-厚型-100-16,SC,500,100,105,60,0,0,40000,0,0,0,0,0,false,0,0,0,0,0,0,16,325,205000,0,SKK490,125700,101300,24300,226000,5608170000,668.0,1002.0,1639.0,1520.0,2286.0,0.439,124100,101300,22800,218000,5358810000,1541.0,0.0,
2125,厚型,,Hi-SC105-500-厚型-100-17,SC,500,100,105,60,0,0,40000,0,0,0,0,0,false,0,0,0,0,0,0,17,325,205000,0,SKK490,125700,99900,25800,232100,5772360000,695.0,1057.0,1723.0,1612.0,2424.0,0.447,124100,99900,24200,224000,5523100000,1625.0,0.0,
2126,厚型,,Hi-SC105-500-厚型-100-18,SC,500,100,105,60,0,0,40000,0,0,0,0,0,false,0,0,0,0,0,0,18,325,205000,0,SKK490,125700,98400,27300,238100,5934350000,721.0,1112.0,1804.0,1703.0,2562.0,0.455,124100,98400,25700,230100,5685190000,1707.0,0.0,
2127,厚型,,Hi-SC105-500-厚型-100-19,SC,500,100,105,60,0,0,40000,0,0,0,0,0,false,0,0,0,0,0,0,19,325,205000,0,SKK490,125700,97000,28700,244100,6094150000,748.0,1166.0,1885.0,1794.0,2698.0,0.463,124100,97000,27100,236100,5845090000,1788.0,0.0,
2128,厚型,,Hi-SC105-500-厚型-100-20,SC,500,100,105,60,0,0,40000,0,0,0,0,0,false,0,0,0,0,0,0,20,325,205000,0,SKK490,125700,95500,30200,250100,6251760000,774.0,1219.0,1963.0,1884.0,2834.0,0.47,124100,95500,28600,242000,6002810000,1868.0,0.0,
2129,厚型,,Hi-SC105-500-厚型-100-21,SC,500,100,105,60,0,0,40000,0,0,0,0,0,false,0,0,0,0,0,0,21,325,205000,0,SKK490,125700,94100,31600,256000,6407210000,800.0,1272.0,2041.0,1975.0,2970.0,0.478,124100,94100,30000,248000,6158380000,1946.0,0.0,
2130,厚型,,Hi-SC105-500-厚型-100-22,SC,500,100,105,60,0,0,40000,0,0,0,0,0,false,0,0,0,0,0,0,22,325,205000,0,SKK490,125700,92600,33000,261900,6560510000,826.0,1325.0,2117.0,2064.0,3105.0,0.486,124100,92600,31500,253900,6311790000,2022.0,0.0,
2131,特厚型,,Hi-SC105-500-特厚型-120-6,SC,500,120,105,60,0,0,40000,0,0,0,0,0,false,0,0,0,0,0,0,6,325,205000,0,SKK490,143300,133900,9300,181700,4015300000,275.0,412.0,702.0,581.0,875.0,0.401,141700,133900,7700,173600,3765320000,590.0,0.0,
2132,特厚型,,Hi-SC105-500-特厚型-120-7,SC,500,120,105,60,0,0,40000,0,0,0,0,0,false,0,0,0,0,0,0,7,325,205000,0,SKK490,143300,132400,10800,188000,4202270000,317.0,475.0,806.0,677.0,1019.0,0.409,141700,132400,9300,179900,3952330000,696.0,0.0,
2133,特厚型,,Hi-SC105-500-特厚型-120-8,SC,500,120,105,60,0,0,40000,0,0,0,0,0,false,0,0,0,0,0,0,8,325,205000,0,SKK490,143300,130900,12400,194300,4386910000,358.0,536.0,907.0,772.0,1162.0,0.418,141700,130900,10800,186200,4137010000,799.0,0.0,
2134,特厚型,,Hi-SC105-500-特厚型-120-9,SC,500,120,105,60,0,0,40000,0,0,0,0,0,false,0,0,0,0,0,0,9,325,205000,0,SKK490,143300,129400,13900,200500,4569220000,398.0,597.0,1005.0,867.0,1304.0,0.426,141700,129400,12300,192500,4319370000,899.0,0.0,
2135,特厚型,,Hi-SC105-500-特厚型-120-10,SC,500,120,105,60,0,0,40000,0,0,0,0,0,false,0,0,0,0,0,0,10,325,205000,0,SKK490,143300,127900,15400,206800,4749220000,438.0,656.0,1102.0,962.0,1447.0,0.434,141700,127900,13800,198700,4499430000,997.0,0.0,
2136,特厚型,,Hi-SC105-500-特厚型-120-11,SC,500,120,105,60,0,0,40000,0,0,0,0,0,false,0,0,0,0,0,0,11,325,205000,0,SKK490,143300,126400,16900,213000,4926930000,477.0,715.0,1196.0,1056.0,1588.0,0.442,141700,126400,15300,204900,4677190000,1092.0,0.0,
2137,特厚型,,Hi-SC105-500-特厚型-120-12,SC,500,120,105,60,0,0,40000,0,0,0,0,0,false,0,0,0,0,0,0,12,325,205000,0,SKK490,143300,124900,18400,219100,5102350000,516.0,774.0,1289.0,1149.0,1729.0,0.45,141700,124900,16800,211100,4852680000,1186.0,0.0,
2138,特厚型,,Hi-SC105-500-特厚型-120-13,SC,500,120,105,60,0,0,40000,0,0,0,0,0,false,0,0,0,0,0,0,13,325,205000,0,SKK490,143300,123400,19900,225300,5275500000,555.0,831.0,1379.0,1243.0,1869.0,0.458,141700,123400,18300,217300,5025900000,1278.0,0.0,
2139,特厚型,,Hi-SC105-500-特厚型-120-14,SC,500,120,105,60,0,0,40000,0,0,0,0,0,false,0,0,0,0,0,0,14,325,205000,0,SKK490,143300,121900,21400,231400,5446390000,593.0,888.0,1468.0,1335.0,2009.0,0.466,141700,121900,19800,223400,5196870000,1368.0,0.0,
2140,特厚型,,Hi-SC105-500-特厚型-120-15,SC,500,120,105,60,0,0,40000,0,0,0,0,0,false,0,0,0,0,0,0,15,325,205000,0,SKK490,143300,120400,22900,237500,5615040000,631.0,945.0,1556.0,1428.0,2148.0,0.474,141700,120400,21300,229500,5365600000,1456.0,0.0,
2141,特厚型,,Hi-SC105-500-特厚型-120-16,SC,500,120,105,60,0,0,40000,0,0,0,0,0,false,0,0,0,0,0,0,16,325,205000,0,SKK490,143300,118900,24300,243600,5781460000,668.0,1000.0,1641.0,1520.0,2286.0,0.482,141700,118900,22800,235600,5532100000,1542.0,0.0,
2142,特厚型,,Hi-SC105-500-特厚型-120-17,SC,500,120,105,60,0,0,40000,0,0,0,0,0,false,0,0,0,0,0,0,17,325,205000,0,SKK490,143300,117500,25800,249700,5945650000,705.0,1056.0,1726.0,1612.0,2424.0,0.49,141700,117500,24200,241600,5696390000,1627.0,0.0,
2143,特厚型,,Hi-SC105-500-特厚型-120-18,SC,500,120,105,60,0,0,40000,0,0,0,0,0,false,0,0,0,0,0,0,18,325,205000,0,SKK490,143300,116000,27300,255700,6107640000,738.0,1110.0,1809.0,1703.0,2562.0,0.498,141700,116000,25700,247700,5858480000,1711.0,0.0,
2144,特厚型,,Hi-SC105-500-特厚型-120-19,SC,500,120,105,60,0,0,40000,0,0,0,0,0,false,0,0,0,0,0,0,19,325,205000,0,SKK490,143300,114500,28700,261700,6267440000,765.0,1165.0,1890.0,1794.0,2698.0,0.506,141700,114500,27100,253700,6018380000,1793.0,0.0,
2145,特厚型,,Hi-SC105-500-特厚型-120-20,SC,500,120,105,60,0,0,40000,0,0,0,0,0,false,0,0,0,0,0,0,20,325,205000,0,SKK490,143300,113100,30200,267700,6425050000,791.0,1218.0,1970.0,1884.0,2834.0,0.514,141700,113100,28600,259600,6176100000,1873.0,0.0,
2146,特厚型,,Hi-SC105-500-特厚型-120-21,SC,500,120,105,60,0,0,40000,0,0,0,0,0,false,0,0,0,0,0,0,21,325,205000,0,SKK490,143300,111700,31600,273600,6580500000,818.0,1271.0,2048.0,1975.0,2970.0,0.521,141700,111700,30000,265600,6331670000,1952.0,0.0,
2147,特厚型,,Hi-SC105-500-特厚型-120-22,SC,500,120,105,60,0,0,40000,0,0,0,0,0,false,0,0,0,0,0,0,22,325,205000,0,SKK490,143300,110200,33000,279500,6733800000,844.0,1324.0,2126.0,2064.0,3105.0,0.529,141700,110200,31500,271500,6485080000,2030.0,0.0,
2148,標準型,,Hi-SC105-600-標準型-90-6,SC,600,90,105,60,0,0,40000,0,0,0,0,0,false,0,0,0,0,0,0,6,325,205000,0,SKK490,144200,133000,11200,190400,6871230000,404.0,605.0,1029.0,699.0,1052.0,0.414,142300,133000,9300,180700,6438790000,866.0,0.0,
2149,標準型,,Hi-SC105-600-標準型-90-7,SC,600,90,105,60,0,0,40000,0,0,0,0,0,false,0,0,0,0,0,0,7,325,205000,0,SKK490,144200,131200,13000,198000,7198730000,465.0,697.0,1183.0,815.0,1225.0,0.423,142300,131200,11200,188300,6766330000,1022.0,0.0,
2150,標準型,,Hi-SC105-600-標準型-90-8,SC,600,90,105,60,0,0,40000,0,0,0,0,0,false,0,0,0,0,0,0,8,325,205000,0,SKK490,144200,129300,14900,205600,7522830000,525.0,787.0,1333.0,929.0,1398.0,0.433,142300,129300,13000,195900,7090480000,1175.0,0.0,
2151,標準型,,Hi-SC105-600-標準型-90-9,SC,600,90,105,60,0,0,40000,0,0,0,0,0,false,0,0,0,0,0,0,9,325,205000,0,SKK490,144200,127500,16700,213100,7843560000,584.0,876.0,1480.0,1044.0,1570.0,0.443,142300,127500,14800,203500,7411270000,1324.0,0.0,
2152,標準型,,Hi-SC105-600-標準型-90-10,SC,600,90,105,60,0,0,40000,0,0,0,0,0,false,0,0,0,0,0,0,10,325,205000,0,SKK490,144200,125700,18500,220700,8160940000,643.0,963.0,1623.0,1158.0,1742.0,0.453,142300,125700,16700,211000,7728710000,1469.0,0.0,
2153,標準型,,Hi-SC105-600-標準型-90-11,SC,600,90,105,60,0,0,40000,0,0,0,0,0,false,0,0,0,0,0,0,11,325,205000,0,SKK490,144200,123800,20400,228200,8474970000,701.0,1050.0,1763.0,1272.0,1913.0,0.463,142300,123800,18500,218500,8042820000,1611.0,0.0,
2154,標準型,,Hi-SC105-600-標準型-90-12,SC,600,90,105,60,0,0,40000,0,0,0,0,0,false,0,0,0,0,0,0,12,325,205000,0,SKK490,144200,122000,22200,235600,8785690000,758.0,1136.0,1900.0,1385.0,2083.0,0.473,142300,122000,20300,226000,8353610000,1750.0,0.0,
2155,標準型,,Hi-SC105-600-標準型-90-13,SC,600,90,105,60,0,0,40000,0,0,0,0,0,false,0,0,0,0,0,0,13,325,205000,0,SKK490,144200,120200,24000,243100,9093090000,815.0,1220.0,2033.0,1498.0,2253.0,0.482,142300,120200,22100,233400,8661100000,1886.0,0.0,
2156,標準型,,Hi-SC105-600-標準型-90-14,SC,600,90,105,60,0,0,40000,0,0,0,0,0,false,0,0,0,0,0,0,14,325,205000,0,SKK490,144200,118400,25800,250500,9397210000,871.0,1304.0,2164.0,1610.0,2422.0,0.492,142300,118400,23900,240900,8965310000,2018.0,0.0,
2157,標準型,,Hi-SC105-600-標準型-90-15,SC,600,90,105,60,0,0,40000,0,0,0,0,0,false,0,0,0,0,0,0,15,325,205000,0,SKK490,144200,116600,27600,257900,9698040000,926.0,1388.0,2292.0,1722.0,2591.0,0.502,142300,116600,25700,248300,9266240000,2148.0,0.0,
2158,標準型,,Hi-SC105-600-標準型-90-16,SC,600,90,105,60,0,0,40000,0,0,0,0,0,false,0,0,0,0,0,0,16,325,205000,0,SKK490,144200,114800,29400,265300,9995620000,977.0,1470.0,2417.0,1834.0,2759.0,0.512,142300,114800,27500,255600,9563920000,2274.0,0.0,
2159,標準型,,Hi-SC105-600-標準型-90-17,SC,600,90,105,60,0,0,40000,0,0,0,0,0,false,0,0,0,0,0,0,17,325,205000,0,SKK490,144200,113100,31100,272600,10289950000,1015.0,1552.0,2539.0,1946.0,2926.0,0.521,142300,113100,29300,263000,9858360000,2398.0,0.0,
2160,標準型,,Hi-SC105-600-標準型-90-18,SC,600,90,105,60,0,0,40000,0,0,0,0,0,false,0,0,0,0,0,0,18,325,205000,0,SKK490,144200,111300,32900,280000,10581050000,1053.0,1633.0,2659.0,2056.0,3093.0,0.531,142300,111300,31000,270300,10149580000,2520.0,0.0,
2161,標準型,,Hi-SC105-600-標準型-90-19,SC,600,90,105,60,0,0,40000,0,0,0,0,0,false,0,0,0,0,0,0,19,325,205000,0,SKK490,144200,109500,34700,287300,10868930000,1091.0,1713.0,2777.0,2167.0,3259.0,0.54,142300,109500,32800,277600,10437600000,2639.0,0.0,
2162,標準型,,Hi-SC105-600-標準型-90-20,SC,600,90,105,60,0,0,40000,0,0,0,0,0,false,0,0,0,0,0,0,20,325,205000,0,SKK490,144200,107800,36400,294500,11153620000,1129.0,1793.0,2893.0,2277.0,3425.0,0.55,142300,107800,34600,284900,10722420000,2756.0,0.0,
2163,標準型,,Hi-SC105-600-標準型-90-21,SC,600,90,105,60,0,0,40000,0,0,0,0,0,false,0,0,0,0,0,0,21,325,205000,0,SKK490,144200,106000,38200,301800,11435120000,1166.0,1871.0,3007.0,2387.0,3590.0,0.559,142300,106000,36300,292100,11004060000,2870.0,0.0,
2164,標準型,,Hi-SC105-600-標準型-90-22,SC,600,90,105,60,0,0,40000,0,0,0,0,0,false,0,0,0,0,0,0,22,325,205000,0,SKK490,144200,104300,39900,309000,11713460000,1203.0,1950.0,3119.0,2496.0,3755.0,0.569,142300,104300,38100,299300,11282540000,2983.0,0.0,
2165,標準型,,Hi-SC105-600-標準型-90-23,SC,600,90,105,60,0,0,40000,0,0,0,0,0,false,0,0,0,0,0,0,23,325,205000,0,SKK490,144200,102500,41700,316200,11988640000,1240.0,2027.0,3229.0,2605.0,3919.0,0.578,142300,102500,39800,306500,11557880000,3094.0,0.0,
2166,厚型,,Hi-SC105-600-厚型-110-6,SC,600,110,105,60,0,0,40000,0,0,0,0,0,false,0,0,0,0,0,0,6,325,205000,0,SKK490,169300,158100,11200,215500,7375150000,404.0,605.0,1029.0,699.0,1052.0,0.475,167400,158100,9300,205900,6942710000,866.0,0.0,
2167,厚型,,Hi-SC105-600-厚型-110-7,SC,600,110,105,60,0,0,40000,0,0,0,0,0,false,0,0,0,0,0,0,7,325,205000,0,SKK490,169300,156300,13000,223100,7702640000,465.0,697.0,1183.0,815.0,1225.0,0.485,167400,156300,11200,213500,7270240000,1022.0,0.0,
2168,厚型,,Hi-SC105-600-厚型-110-8,SC,600,110,105,60,0,0,40000,0,0,0,0,0,false,0,0,0,0,0,0,8,325,205000,0,SKK490,169300,154500,14900,230700,8026740000,525.0,787.0,1333.0,929.0,1398.0,0.495,167400,154500,13000,221100,7594390000,1175.0,0.0,
2169,厚型,,Hi-SC105-600-厚型-110-9,SC,600,110,105,60,0,0,40000,0,0,0,0,0,false,0,0,0,0,0,0,9,325,205000,0,SKK490,169300,152600,16700,238300,8347470000,585.0,876.0,1480.0,1044.0,1570.0,0.505,167400,152600,14800,228600,7915180000,1324.0,0.0,
2170,厚型,,Hi-SC105-600-厚型-110-10,SC,600,110,105,60,0,0,40000,0,0,0,0,0,false,0,0,0,0,0,0,10,325,205000,0,SKK490,169300,150800,18500,245800,8664850000,643.0,964.0,1624.0,1158.0,1742.0,0.515,167400,150800,16700,236100,8232620000,1470.0,0.0,
2171,厚型,,Hi-SC105-600-厚型-110-11,SC,600,110,105,60,0,0,40000,0,0,0,0,0,false,0,0,0,0,0,0,11,325,205000,0,SKK490,169300,149000,20400,253300,8978890000,701.0,1051.0,1766.0,1272.0,1913.0,0.525,167400,149000,18500,243600,8546730000,1613.0,0.0,
2172,厚型,,Hi-SC105-600-厚型-110-12,SC,600,110,105,60,0,0,40000,0,0,0,0,0,false,0,0,0,0,0,0,12,325,205000,0,SKK490,169300,147200,22200,260800,9289600000,759.0,1136.0,1904.0,1385.0,2083.0,0.534,167400,147200,20300,251100,8857520000,1753.0,0.0,
2173,厚型,,Hi-SC105-600-厚型-110-13,SC,600,110,105,60,0,0,40000,0,0,0,0,0,false,0,0,0,0,0,0,13,325,205000,0,SKK490,169300,145400,24000,268200,9597000000,815.0,1222.0,2040.0,1498.0,2253.0,0.544,167400,145400,22100,258600,9165010000,1891.0,0.0,
2174,厚型,,Hi-SC105-600-厚型-110-14,SC,600,110,105,60,0,0,40000,0,0,0,0,0,false,0,0,0,0,0,0,14,325,205000,0,SKK490,169300,143600,25800,275600,9901120000,872.0,1306.0,2173.0,1610.0,2422.0,0.554,167400,143600,23900,266000,9469220000,2025.0,0.0,
2175,厚型,,Hi-SC105-600-厚型-110-15,SC,600,110,105,60,0,0,40000,0,0,0,0,0,false,0,0,0,0,0,0,15,325,205000,0,SKK490,169300,141800,27600,283000,10201950000,927.0,1389.0,2304.0,1722.0,2591.0,0.563,167400,141800,25700,273400,9770150000,2157.0,0.0,
2176,厚型,,Hi-SC105-600-厚型-110-16,SC,600,110,105,60,0,0,40000,0,0,0,0,0,false,0,0,0,0,0,0,16,325,205000,0,SKK490,169300,140000,29400,290400,10499530000,982.0,1472.0,2432.0,1834.0,2759.0,0.573,167400,140000,27500,280800,10067830000,2287.0,0.0,
2177,厚型,,Hi-SC105-600-厚型-110-17,SC,600,110,105,60,0,0,40000,0,0,0,0,0,false,0,0,0,0,0,0,17,325,205000,0,SKK490,169300,138200,31100,297800,10793860000,1037.0,1554.0,2558.0,1946.0,2926.0,0.583,167400,138200,29300,288100,10362280000,2414.0,0.0,
2178,厚型,,Hi-SC105-600-厚型-110-18,SC,600,110,105,60,0,0,40000,0,0,0,0,0,false,0,0,0,0,0,0,18,325,205000,0,SKK490,169300,136400,32900,305100,11084960000,1091.0,1635.0,2682.0,2056.0,3093.0,0.592,167400,136400,31000,295400,10653490000,2539.0,0.0,
2179,厚型,,Hi-SC105-600-厚型-110-19,SC,600,110,105,60,0,0,40000,0,0,0,0,0,false,0,0,0,0,0,0,19,325,205000,0,SKK490,169300,134700,34700,312400,11372840000,1132.0,1715.0,2804.0,2167.0,3259.0,0.602,167400,134700,32800,302700,10941510000,2662.0,0.0,
2180,厚型,,Hi-SC105-600-厚型-110-20,SC,600,110,105,60,0,0,40000,0,0,0,0,0,false,0,0,0,0,0,0,20,325,205000,0,SKK490,169300,132900,36400,319700,11657530000,1170.0,1795.0,2923.0,2277.0,3425.0,0.611,167400,132900,34600,310000,11226330000,2783.0,0.0,
2181,厚型,,Hi-SC105-600-厚型-110-21,SC,600,110,105,60,0,0,40000,0,0,0,0,0,false,0,0,0,0,0,0,21,325,205000,0,SKK490,169300,131100,38200,326900,11939030000,1208.0,1874.0,3041.0,2387.0,3590.0,0.621,167400,131100,36300,317300,11507970000,2901.0,0.0,
2182,厚型,,Hi-SC105-600-厚型-110-22,SC,600,110,105,60,0,0,40000,0,0,0,0,0,false,0,0,0,0,0,0,22,325,205000,0,SKK490,169300,129400,39900,334100,12217370000,1246.0,1952.0,3156.0,2496.0,3755.0,0.63,167400,129400,38100,324500,11786450000,3018.0,0.0,
2183,厚型,,Hi-SC105-600-厚型-110-23,SC,600,110,105,60,0,0,40000,0,0,0,0,0,false,0,0,0,0,0,0,23,325,205000,0,SKK490,169300,127600,41700,341300,12492550000,1283.0,2030.0,3270.0,2605.0,3919.0,0.64,167400,127600,39800,331700,12061790000,3132.0,0.0,
2184,特厚型,,Hi-SC105-600-特厚型-130-6,SC,600,130,105,60,0,0,40000,0,0,0,0,0,false,0,0,0,0,0,0,6,325,205000,0,SKK490,192000,180800,11200,238100,7742710000,403.0,604.0,1029.0,699.0,1052.0,0.53,190100,180800,9300,228500,7310270000,866.0,0.0,
2185,特厚型,,Hi-SC105-600-特厚型-130-7,SC,600,130,105,60,0,0,40000,0,0,0,0,0,false,0,0,0,0,0,0,7,325,205000,0,SKK490,192000,178900,13000,245700,8070200000,464.0,696.0,1183.0,815.0,1225.0,0.54,190100,178900,11200,236100,7637810000,1022.0,0.0,
2186,特厚型,,Hi-SC105-600-特厚型-130-8,SC,600,130,105,60,0,0,40000,0,0,0,0,0,false,0,0,0,0,0,0,8,325,205000,0,SKK490,192000,177100,14900,253300,8394310000,525.0,786.0,1333.0,929.0,1398.0,0.55,190100,177100,13000,243700,7961960000,1175.0,0.0,
2187,特厚型,,Hi-SC105-600-特厚型-130-9,SC,600,130,105,60,0,0,40000,0,0,0,0,0,false,0,0,0,0,0,0,9,325,205000,0,SKK490,192000,175200,16700,260900,8715040000,584.0,875.0,1480.0,1044.0,1570.0,0.56,190100,175200,14800,251200,8282750000,1324.0,0.0,
2188,特厚型,,Hi-SC105-600-特厚型-130-10,SC,600,130,105,60,0,0,40000,0,0,0,0,0,false,0,0,0,0,0,0,10,325,205000,0,SKK490,192000,173400,18500,268400,9032410000,643.0,963.0,1624.0,1158.0,1742.0,0.57,190100,173400,16700,258800,8600190000,1470.0,0.0,
2189,特厚型,,Hi-SC105-600-特厚型-130-11,SC,600,130,105,60,0,0,40000,0,0,0,0,0,false,0,0,0,0,0,0,11,325,205000,0,SKK490,192000,171600,20400,275900,9346450000,701.0,1050.0,1766.0,1272.0,1913.0,0.58,190100,171600,18500,266300,8914300000,1613.0,0.0,
2190,特厚型,,Hi-SC105-600-特厚型-130-12,SC,600,130,105,60,0,0,40000,0,0,0,0,0,false,0,0,0,0,0,0,12,325,205000,0,SKK490,192000,169800,22200,283400,9657160000,758.0,1136.0,1904.0,1385.0,2083.0,0.59,190100,169800,20300,273700,9225090000,1753.0,0.0,
2191,特厚型,,Hi-SC105-600-特厚型-130-13,SC,600,130,105,60,0,0,40000,0,0,0,0,0,false,0,0,0,0,0,0,13,325,205000,0,SKK490,192000,168000,24000,290800,9964570000,815.0,1221.0,2040.0,1498.0,2253.0,0.599,190100,168000,22100,281200,9532580000,1891.0,0.0,
2192,特厚型,,Hi-SC105-600-特厚型-130-14,SC,600,130,105,60,0,0,40000,0,0,0,0,0,false,0,0,0,0,0,0,14,325,205000,0,SKK490,192000,166200,25800,298300,10268680000,871.0,1305.0,2174.0,1610.0,2422.0,0.609,190100,166200,23900,288600,9836780000,2026.0,0.0,
2193,特厚型,,Hi-SC105-600-特厚型-130-15,SC,600,130,105,60,0,0,40000,0,0,0,0,0,false,0,0,0,0,0,0,15,325,205000,0,SKK490,192000,164400,27600,305700,10569520000,927.0,1388.0,2306.0,1722.0,2591.0,0.619,190100,164400,25700,296000,10137720000,2159.0,0.0,
2194,特厚型,,Hi-SC105-600-特厚型-130-16,SC,600,130,105,60,0,0,40000,0,0,0,0,0,false,0,0,0,0,0,0,16,325,205000,0,SKK490,192000,162600,29400,313000,10867090000,982.0,1471.0,2435.0,1834.0,2759.0,0.628,190100,162600,27500,303400,10435400000,2289.0,0.0,
2195,特厚型,,Hi-SC105-600-特厚型-130-17,SC,600,130,105,60,0,0,40000,0,0,0,0,0,false,0,0,0,0,0,0,17,325,205000,0,SKK490,192000,160800,31100,320400,11161420000,1037.0,1553.0,2563.0,1946.0,2926.0,0.638,190100,160800,29300,310700,10729840000,2418.0,0.0,
2196,特厚型,,Hi-SC105-600-特厚型-130-18,SC,600,130,105,60,0,0,40000,0,0,0,0,0,false,0,0,0,0,0,0,18,325,205000,0,SKK490,192000,159000,32900,327700,11452520000,1091.0,1634.0,2688.0,2056.0,3093.0,0.648,190100,159000,31000,318100,11021060000,2544.0,0.0,
2197,特厚型,,Hi-SC105-600-特厚型-130-19,SC,600,130,105,60,0,0,40000,0,0,0,0,0,false,0,0,0,0,0,0,19,325,205000,0,SKK490,192000,157300,34700,335000,11740410000,1145.0,1714.0,2811.0,2167.0,3259.0,0.657,190100,157300,32800,325400,11309070000,2669.0,0.0,
2198,特厚型,,Hi-SC105-600-特厚型-130-20,SC,600,130,105,60,0,0,40000,0,0,0,0,0,false,0,0,0,0,0,0,20,325,205000,0,SKK490,192000,155500,36400,342300,12025100000,1198.0,1794.0,2933.0,2277.0,3425.0,0.667,190100,155500,34600,332600,11593890000,2791.0,0.0,
2199,特厚型,,Hi-SC105-600-特厚型-130-21,SC,600,130,105,60,0,0,40000,0,0,0,0,0,false,0,0,0,0,0,0,21,325,205000,0,SKK490,192000,153800,38200,349500,12306600000,1238.0,1873.0,3052.0,2387.0,3590.0,0.676,190100,153800,36300,339900,11875540000,2911.0,0.0,
2200,特厚型,,Hi-SC105-600-特厚型-130-22,SC,600,130,105,60,0,0,40000,0,0,0,0,0,false,0,0,0,0,0,0,22,325,205000,0,SKK490,192000,152000,39900,356700,12584930000,1276.0,1952.0,3170.0,2496.0,3755.0,0.686,190100,152000,38100,347100,12154020000,3030.0,0.0,
2201,特厚型,,Hi-SC105-600-特厚型-130-23,SC,600,130,105,60,0,0,40000,0,0,0,0,0,false,0,0,0,0,0,0,23,325,205000,0,SKK490,192000,150300,41700,363900,12860120000,1314.0,2030.0,3286.0,2605.0,3919.0,0.695,190100,150300,39800,354300,12429360000,3146.0,0.0,
2202,標準型,,Hi-SC105-700-標準型-100-6,SC,700,100,105,60,0,0,40000,0,0,0,0,0,false,0,0,0,0,0,0,6,325,205000,0,SKK490,188500,175400,13100,242500,11966580000,557.0,835.0,1421.0,817.0,1229.0,0.532,186300,175400,10900,231200,11279340000,1194.0,0.0,
2203,標準型,,Hi-SC105-700-標準型-100-7,SC,700,100,105,60,0,0,40000,0,0,0,0,0,false,0,0,0,0,0,0,7,325,205000,0,SKK490,188500,173300,15200,251400,12491640000,642.0,961.0,1635.0,952.0,1432.0,0.544,186300,173300,13000,240100,11804450000,1412.0,0.0,
2204,標準型,,Hi-SC105-700-標準型-100-8,SC,700,100,105,60,0,0,40000,0,0,0,0,0,false,0,0,0,0,0,0,8,325,205000,0,SKK490,188500,171100,17400,260200,13012070000,725.0,1086.0,1845.0,1086.0,1634.0,0.555,186300,171100,15200,249000,12324940000,1625.0,0.0,
2205,標準型,,Hi-SC105-700-標準型-100-9,SC,700,100,105,60,0,0,40000,0,0,0,0,0,false,0,0,0,0,0,0,9,325,205000,0,SKK490,188500,169000,19500,269100,13527880000,807.0,1209.0,2050.0,1221.0,1836.0,0.567,186300,169000,17300,257800,12840820000,1833.0,0.0,
2206,標準型,,Hi-SC105-700-標準型-100-10,SC,700,100,105,60,0,0,40000,0,0,0,0,0,false,0,0,0,0,0,0,10,325,205000,0,SKK490,188500,166800,21700,277900,14039100000,888.0,1330.0,2251.0,1354.0,2037.0,0.579,186300,166800,19500,266700,13352120000,2037.0,0.0,
2207,標準型,,Hi-SC105-700-標準型-100-11,SC,700,100,105,60,0,0,40000,0,0,0,0,0,false,0,0,0,0,0,0,11,325,205000,0,SKK490,188500,164700,23800,286700,14545740000,968.0,1450.0,2447.0,1488.0,2238.0,0.59,186300,164700,21600,275500,13858840000,2237.0,0.0,
2208,標準型,,Hi-SC105-700-標準型-100-12,SC,700,100,105,60,0,0,40000,0,0,0,0,0,false,0,0,0,0,0,0,12,325,205000,0,SKK490,188500,162600,25900,295500,15047830000,1047.0,1569.0,2640.0,1621.0,2438.0,0.602,186300,162600,23700,284200,14361020000,2432.0,0.0,
2209,標準型,,Hi-SC105-700-標準型-100-13,SC,700,100,105,60,0,0,40000,0,0,0,0,0,false,0,0,0,0,0,0,13,325,205000,0,SKK490,188500,160400,28100,304200,15545370000,1126.0,1686.0,2828.0,1753.0,2637.0,0.613,186300,160400,25900,293000,14858660000,2623.0,0.0,
2210,標準型,,Hi-SC105-700-標準型-100-14,SC,700,100,105,60,0,0,40000,0,0,0,0,0,false,0,0,0,0,0,0,14,325,205000,0,SKK490,188500,158300,30200,313000,16038400000,1203.0,1803.0,3013.0,1885.0,2836.0,0.624,186300,158300,28000,301700,15351800000,2810.0,0.0,
2211,標準型,,Hi-SC105-700-標準型-100-15,SC,700,100,105,60,0,0,40000,0,0,0,0,0,false,0,0,0,0,0,0,15,325,205000,0,SKK490,188500,156200,32300,321600,16526920000,1280.0,1918.0,3194.0,2017.0,3034.0,0.636,186300,156200,30100,310400,15840430000,2993.0,0.0,
2212,標準型,,Hi-SC105-700-標準型-100-16,SC,700,100,105,60,0,0,40000,0,0,0,0,0,false,0,0,0,0,0,0,16,325,205000,0,SKK490,188500,154100,34400,330300,17010960000,1357.0,2033.0,3371.0,2148.0,3231.0,0.647,186300,154100,32200,319100,16324600000,3173.0,0.0,
2213,標準型,,Hi-SC105-700-標準型-100-17,SC,700,100,105,60,0,0,40000,0,0,0,0,0,false,0,0,0,0,0,0,17,325,205000,0,SKK490,188500,152000,36500,339000,17490530000,1433.0,2146.0,3545.0,2279.0,3428.0,0.658,186300,152000,34300,327700,16804300000,3349.0,0.0,
2214,標準型,,Hi-SC105-700-標準型-100-18,SC,700,100,105,60,0,0,40000,0,0,0,0,0,false,0,0,0,0,0,0,18,325,205000,0,SKK490,188500,149900,38600,347600,17965660000,1500.0,2259.0,3715.0,2410.0,3625.0,0.67,186300,149900,36400,336300,17279560000,3521.0,0.0,
2215,標準型,,Hi-SC105-700-標準型-100-19,SC,700,100,105,60,0,0,40000,0,0,0,0,0,false,0,0,0,0,0,0,19,325,205000,0,SKK490,188500,147800,40600,356200,18436350000,1553.0,2370.0,3883.0,2540.0,3821.0,0.681,186300,147800,38500,344900,17750410000,3691.0,0.0,
2216,標準型,,Hi-SC105-700-標準型-100-20,SC,700,100,105,60,0,0,40000,0,0,0,0,0,false,0,0,0,0,0,0,20,325,205000,0,SKK490,188500,145800,42700,364700,18902630000,1605.0,2481.0,4048.0,2670.0,4016.0,0.692,186300,145800,40500,353500,18216850000,3857.0,0.0,
2217,標準型,,Hi-SC105-700-標準型-100-21,SC,700,100,105,60,0,0,40000,0,0,0,0,0,false,0,0,0,0,0,0,21,325,205000,0,SKK490,188500,143700,44800,373300,19364520000,1657.0,2591.0,4210.0,2799.0,4210.0,0.703,186300,143700,42600,362000,18678900000,4020.0,0.0,
2218,標準型,,Hi-SC105-700-標準型-100-22,SC,700,100,105,60,0,0,40000,0,0,0,0,0,false,0,0,0,0,0,0,22,325,205000,0,SKK490,188500,141600,46900,381800,19822040000,1708.0,2701.0,4369.0,2928.0,4404.0,0.714,186300,141600,44700,370500,19136590000,4181.0,0.0,
2219,厚型,,Hi-SC105-700-厚型-120-6,SC,700,120,105,60,0,0,40000,0,0,0,0,0,false,0,0,0,0,0,0,6,325,205000,0,SKK490,218700,205600,13100,272600,12836670000,557.0,835.0,1421.0,817.0,1229.0,0.606,216500,205600,10900,261400,12149440000,1194.0,0.0,
2220,厚型,,Hi-SC105-700-厚型-120-7,SC,700,120,105,60,0,0,40000,0,0,0,0,0,false,0,0,0,0,0,0,7,325,205000,0,SKK490,218700,203400,15200,281500,13361730000,642.0,962.0,1635.0,952.0,1432.0,0.618,216500,203400,13000,270300,12674550000,1412.0,0.0,
2221,厚型,,Hi-SC105-700-厚型-120-8,SC,700,120,105,60,0,0,40000,0,0,0,0,0,false,0,0,0,0,0,0,8,325,205000,0,SKK490,218700,201300,17400,290400,13882160000,725.0,1086.0,1844.0,1086.0,1634.0,0.629,216500,201300,15200,279100,13195040000,1625.0,0.0,
2222,厚型,,Hi-SC105-700-厚型-120-9,SC,700,120,105,60,0,0,40000,0,0,0,0,0,false,0,0,0,0,0,0,9,325,205000,0,SKK490,218700,199100,19500,299200,14397980000,807.0,1209.0,2050.0,1221.0,1836.0,0.641,216500,199100,17300,288000,13710920000,1833.0,0.0,
2223,厚型,,Hi-SC105-700-厚型-120-10,SC,700,120,105,60,0,0,40000,0,0,0,0,0,false,0,0,0,0,0,0,10,325,205000,0,SKK490,218700,197000,21700,308100,14909200000,889.0,1331.0,2252.0,1354.0,2037.0,0.652,216500,197000,19500,296800,14222210000,2038.0,0.0,
2224,厚型,,Hi-SC105-700-厚型-120-11,SC,700,120,105,60,0,0,40000,0,0,0,0,0,false,0,0,0,0,0,0,11,325,205000,0,SKK490,218700,194800,23800,316900,15415840000,969.0,1451.0,2450.0,1488.0,2238.0,0.664,216500,194800,21600,305600,14728940000,2238.0,0.0,
2225,厚型,,Hi-SC105-700-厚型-120-12,SC,700,120,105,60,0,0,40000,0,0,0,0,0,false,0,0,0,0,0,0,12,325,205000,0,SKK490,218700,192700,25900,325600,15917920000,1048.0,1570.0,2644.0,1621.0,2438.0,0.675,216500,192700,23700,314400,15231110000,2435.0,0.0,
2226,厚型,,Hi-SC105-700-厚型-120-13,SC,700,120,105,60,0,0,40000,0,0,0,0,0,false,0,0,0,0,0,0,13,325,205000,0,SKK490,218700,190600,28100,334400,16415470000,1127.0,1688.0,2835.0,1753.0,2637.0,0.687,216500,190600,25900,323100,15728760000,2628.0,0.0,
2227,厚型,,Hi-SC105-700-厚型-120-14,SC,700,120,105,60,0,0,40000,0,0,0,0,0,false,0,0,0,0,0,0,14,325,205000,0,SKK490,218700,188500,30200,343100,16908490000,1205.0,1805.0,3023.0,1885.0,2836.0,0.698,216500,188500,28000,331900,16221890000,2818.0,0.0,
2228,厚型,,Hi-SC105-700-厚型-120-15,SC,700,120,105,60,0,0,40000,0,0,0,0,0,false,0,0,0,0,0,0,15,325,205000,0,SKK490,218700,186400,32300,351800,17397020000,1282.0,1921.0,3207.0,2017.0,3034.0,0.71,216500,186400,30100,340600,16710530000,3004.0,0.0,
2229,厚型,,Hi-SC105-700-厚型-120-16,SC,700,120,105,60,0,0,40000,0,0,0,0,0,false,0,0,0,0,0,0,16,325,205000,0,SKK490,218700,184300,34400,360500,17881050000,1359.0,2035.0,3389.0,2148.0,3231.0,0.721,216500,184300,32200,349200,17194690000,3187.0,0.0,
2230,厚型,,Hi-SC105-700-厚型-120-17,SC,700,120,105,60,0,0,40000,0,0,0,0,0,false,0,0,0,0,0,0,17,325,205000,0,SKK490,218700,182200,36500,369100,18360630000,1435.0,2149.0,3567.0,2279.0,3428.0,0.732,216500,182200,34300,357900,17674390000,3367.0,0.0,
2231,厚型,,Hi-SC105-700-厚型-120-18,SC,700,120,105,60,0,0,40000,0,0,0,0,0,false,0,0,0,0,0,0,18,325,205000,0,SKK490,218700,180100,38600,377700,18835750000,1510.0,2262.0,3742.0,2410.0,3625.0,0.744,216500,180100,36400,366500,18149660000,3544.0,0.0,
2232,厚型,,Hi-SC105-700-厚型-120-19,SC,700,120,105,60,0,0,40000,0,0,0,0,0,false,0,0,0,0,0,0,19,325,205000,0,SKK490,218700,178000,40600,386300,19306440000,1585.0,2374.0,3914.0,2540.0,3821.0,0.755,216500,178000,38500,375100,18620500000,3718.0,0.0,
2233,厚型,,Hi-SC105-700-厚型-120-20,SC,700,120,105,60,0,0,40000,0,0,0,0,0,false,0,0,0,0,0,0,20,325,205000,0,SKK490,218700,175900,42700,394900,19772730000,1659.0,2485.0,4084.0,2670.0,4016.0,0.766,216500,175900,40500,383600,19086940000,3889.0,0.0,
2234,厚型,,Hi-SC105-700-厚型-120-21,SC,700,120,105,60,0,0,40000,0,0,0,0,0,false,0,0,0,0,0,0,21,325,205000,0,SKK490,218700,173900,44800,403400,20234620000,1716.0,2596.0,4251.0,2799.0,4210.0,0.777,216500,173900,42600,392200,19548990000,4058.0,0.0,
2235,厚型,,Hi-SC105-700-厚型-120-22,SC,700,120,105,60,0,0,40000,0,0,0,0,0,false,0,0,0,0,0,0,22,325,205000,0,SKK490,218700,171800,46900,412000,20692130000,1768.0,2705.0,4415.0,2928.0,4404.0,0.788,216500,171800,44700,400700,20006680000,4223.0,0.0,
2236,特厚型,,Hi-SC105-700-特厚型-140-6,SC,700,140,105,60,0,0,40000,0,0,0,0,0,false,0,0,0,0,0,0,6,325,205000,0,SKK490,246300,233200,13100,300300,13507090000,557.0,834.0,1421.0,817.0,1229.0,0.674,244100,233200,10900,289000,12819850000,1194.0,0.0,
2237,特厚型,,Hi-SC105-700-特厚型-140-7,SC,700,140,105,60,0,0,40000,0,0,0,0,0,false,0,0,0,0,0,0,7,325,205000,0,SKK490,246300,231100,15200,309200,14032150000,641.0,961.0,1635.0,952.0,1432.0,0.685,244100,231100,13000,297900,13344960000,1412.0,0.0,
2238,特厚型,,Hi-SC105-700-特厚型-140-8,SC,700,140,105,60,0,0,40000,0,0,0,0,0,false,0,0,0,0,0,0,8,325,205000,0,SKK490,246300,228900,17400,318000,14552580000,724.0,1085.0,1844.0,1086.0,1634.0,0.697,244100,228900,15200,306800,13865450000,1625.0,0.0,
2239,特厚型,,Hi-SC105-700-特厚型-140-9,SC,700,140,105,60,0,0,40000,0,0,0,0,0,false,0,0,0,0,0,0,9,325,205000,0,SKK490,246300,226800,19500,326900,15068390000,807.0,1208.0,2050.0,1221.0,1836.0,0.709,244100,226800,17300,315600,14381330000,1833.0,0.0,
2240,特厚型,,Hi-SC105-700-特厚型-140-10,SC,700,140,105,60,0,0,40000,0,0,0,0,0,false,0,0,0,0,0,0,10,325,205000,0,SKK490,246300,224600,21700,335700,15579610000,888.0,1330.0,2251.0,1354.0,2037.0,0.72,244100,224600,19500,324500,14892630000,2037.0,0.0,
2241,特厚型,,Hi-SC105-700-特厚型-140-11,SC,700,140,105,60,0,0,40000,0,0,0,0,0,false,0,0,0,0,0,0,11,325,205000,0,SKK490,246300,222500,23800,344500,16086250000,968.0,1450.0,2449.0,1488.0,2238.0,0.732,244100,222500,21600,333300,15399350000,2238.0,0.0,
2242,特厚型,,Hi-SC105-700-特厚型-140-12,SC,700,140,105,60,0,0,40000,0,0,0,0,0,false,0,0,0,0,0,0,12,325,205000,0,SKK490,246300,220400,25900,353300,16588340000,1048.0,1570.0,2644.0,1621.0,2438.0,0.743,244100,220400,23700,342000,15901530000,2435.0,0.0,
2243,特厚型,,Hi-SC105-700-特厚型-140-13,SC,700,140,105,60,0,0,40000,0,0,0,0,0,false,0,0,0,0,0,0,13,325,205000,0,SKK490,246300,218200,28100,362000,17085880000,1127.0,1688.0,2836.0,1753.0,2637.0,0.755,244100,218200,25900,350800,16399170000,2628.0,0.0,
2244,特厚型,,Hi-SC105-700-特厚型-140-14,SC,700,140,105,60,0,0,40000,0,0,0,0,0,false,0,0,0,0,0,0,14,325,205000,0,SKK490,246300,216100,30200,370800,17578910000,1205.0,1804.0,3024.0,1885.0,2836.0,0.766,244100,216100,28000,359500,16892310000,2819.0,0.0,
2245,特厚型,,Hi-SC105-700-特厚型-140-15,SC,700,140,105,60,0,0,40000,0,0,0,0,0,false,0,0,0,0,0,0,15,325,205000,0,SKK490,246300,214000,32300,379500,18067430000,1282.0,1920.0,3210.0,2017.0,3034.0,0.777,244100,214000,30100,368200,17380940000,3006.0,0.0,
2246,特厚型,,Hi-SC105-700-特厚型-140-16,SC,700,140,105,60,0,0,40000,0,0,0,0,0,false,0,0,0,0,0,0,16,325,205000,0,SKK490,246300,211900,34400,388100,18551470000,1359.0,2035.0,3393.0,2148.0,3231.0,0.789,244100,211900,32200,376900,17865110000,3190.0,0.0,
2247,特厚型,,Hi-SC105-700-特厚型-140-17,SC,700,140,105,60,0,0,40000,0,0,0,0,0,false,0,0,0,0,0,0,17,325,205000,0,SKK490,246300,209800,36500,396800,19031040000,1435.0,2149.0,3572.0,2279.0,3428.0,0.8,244100,209800,34300,385500,18344810000,3372.0,0.0,
2248,特厚型,,Hi-SC105-700-特厚型-140-18,SC,700,140,105,60,0,0,40000,0,0,0,0,0,false,0,0,0,0,0,0,18,325,205000,0,SKK490,246300,207700,38600,405400,19506170000,1510.0,2262.0,3750.0,2410.0,3625.0,0.811,244100,207700,36400,394100,18820070000,3550.0,0.0,
2249,特厚型,,Hi-SC105-700-特厚型-140-19,SC,700,140,105,60,0,0,40000,0,0,0,0,0,false,0,0,0,0,0,0,19,325,205000,0,SKK490,246300,205700,40600,414000,19976860000,1585.0,2374.0,3924.0,2540.0,3821.0,0.823,244100,205700,38500,402700,19290920000,3726.0,0.0,
2250,特厚型,,Hi-SC105-700-特厚型-140-20,SC,700,140,105,60,0,0,40000,0,0,0,0,0,false,0,0,0,0,0,0,20,325,205000,0,SKK490,246300,203600,42700,422500,20443140000,1659.0,2486.0,4096.0,2670.0,4016.0,0.834,244100,203600,40500,411300,19757360000,3900.0,0.0,
2251,特厚型,,Hi-SC105-700-特厚型-140-21,SC,700,140,105,60,0,0,40000,0,0,0,0,0,false,0,0,0,0,0,0,21,325,205000,0,SKK490,246300,201500,44800,431100,20905030000,1733.0,2596.0,4266.0,2799.0,4210.0,0.845,244100,201500,42600,419800,20219410000,4071.0,0.0,
2252,特厚型,,Hi-SC105-700-特厚型-140-22,SC,700,140,105,60,0,0,40000,0,0,0,0,0,false,0,0,0,0,0,0,22,325,205000,0,SKK490,246300,199400,46900,439600,21362550000,1806.0,2706.0,4433.0,2928.0,4404.0,0.856,244100,199400,44700,428300,20677100000,4239.0,0.0,
2253,標準型,,Hi-SC105-800-標準型-110-6,SC,800,110,105,60,0,0,40000,0,0,0,0,0,false,0,0,0,0,0,0,6,325,205000,0,SKK490,238400,223500,15000,300200,19416290000,736.0,1103.0,1876.0,935.0,1406.0,0.665,235900,223500,12500,287300,18389850000,1577.0,0.0,
2254,標準型,,Hi-SC105-800-標準型-110-7,SC,800,110,105,60,0,0,40000,0,0,0,0,0,false,0,0,0,0,0,0,7,325,205000,0,SKK490,238400,221000,17400,310400,20205690000,848.0,1270.0,2161.0,1089.0,1639.0,0.678,235900,221000,14900,297500,19179310000,1867.0,0.0,
2255,標準型,,Hi-SC105-800-標準型-110-8,SC,800,110,105,60,0,0,40000,0,0,0,0,0,false,0,0,0,0,0,0,8,325,205000,0,SKK490,238400,218500,19900,320600,20989020000,958.0,1435.0,2441.0,1244.0,1871.0,0.691,235900,218500,17400,307700,19962710000,2150.0,0.0,
2256,標準型,,Hi-SC105-800-標準型-110-9,SC,800,110,105,60,0,0,40000,0,0,0,0,0,false,0,0,0,0,0,0,9,325,205000,0,SKK490,238400,216100,22400,330700,21766300000,1066.0,1597.0,2715.0,1397.0,2102.0,0.705,235900,216100,19900,317800,20740060000,2428.0,0.0,
2257,標準型,,Hi-SC105-800-標準型-110-10,SC,800,110,105,60,0,0,40000,0,0,0,0,0,false,0,0,0,0,0,0,10,325,205000,0,SKK490,238400,213600,24800,340800,22537550000,1174.0,1758.0,2983.0,1551.0,2332.0,0.718,235900,213600,22300,328000,21511400000,2700.0,0.0,
2258,標準型,,Hi-SC105-800-標準型-110-11,SC,800,110,105,60,0,0,40000,0,0,0,0,0,false,0,0,0,0,0,0,11,325,205000,0,SKK490,238400,211200,27300,350900,23302790000,1280.0,1917.0,3247.0,1704.0,2562.0,0.731,235900,211200,24800,338100,22276740000,2968.0,0.0,
2259,標準型,,Hi-SC105-800-標準型-110-12,SC,800,110,105,60,0,0,40000,0,0,0,0,0,false,0,0,0,0,0,0,12,325,205000,0,SKK490,238400,208700,29700,361000,24062050000,1385.0,2074.0,3505.0,1856.0,2792.0,0.744,235900,208700,27200,348100,23036100000,3230.0,0.0,
2260,標準型,,Hi-SC105-800-標準型-110-13,SC,800,110,105,60,0,0,40000,0,0,0,0,0,false,0,0,0,0,0,0,13,325,205000,0,SKK490,238400,206300,32100,371000,24815340000,1489.0,2230.0,3759.0,2008.0,3021.0,0.757,235900,206300,29600,358200,23789500000,3486.0,0.0,
2261,標準型,,Hi-SC105-800-標準型-110-14,SC,800,110,105,60,0,0,40000,0,0,0,0,0,false,0,0,0,0,0,0,14,325,205000,0,SKK490,238400,203900,34600,381000,25562690000,1592.0,2384.0,4008.0,2160.0,3249.0,0.77,235900,203900,32100,368200,24536980000,3738.0,0.0,
2262,標準型,,Hi-SC105-800-標準型-110-15,SC,800,110,105,60,0,0,40000,0,0,0,0,0,false,0,0,0,0,0,0,15,325,205000,0,SKK490,238400,201500,37000,391000,26304110000,1694.0,2538.0,4252.0,2312.0,3477.0,0.784,235900,201500,34500,378200,25278530000,3986.0,0.0,
2263,標準型,,Hi-SC105-800-標準型-110-16,SC,800,110,105,60,0,0,40000,0,0,0,0,0,false,0,0,0,0,0,0,16,325,205000,0,SKK490,238400,199000,39400,401000,27039640000,1796.0,2690.0,4491.0,2463.0,3704.0,0.797,235900,199000,36900,388100,26014200000,4228.0,0.0,
2264,標準型,,Hi-SC105-800-標準型-110-17,SC,800,110,105,60,0,0,40000,0,0,0,0,0,false,0,0,0,0,0,0,17,325,205000,0,SKK490,238400,196600,41800,410900,27769280000,1896.0,2840.0,4726.0,2613.0,3930.0,0.81,235900,196600,39300,398100,26743990000,4466.0,0.0,
2265,標準型,,Hi-SC105-800-標準型-110-18,SC,800,110,105,60,0,0,40000,0,0,0,0,0,false,0,0,0,0,0,0,18,325,205000,0,SKK490,238400,194200,44200,420900,28493060000,1996.0,2990.0,4957.0,2763.0,4156.0,0.823,235900,194200,41700,408000,27467930000,4699.0,0.0,
2266,標準型,,Hi-SC105-800-標準型-110-19,SC,800,110,105,60,0,0,40000,0,0,0,0,0,false,0,0,0,0,0,0,19,325,205000,0,SKK490,238400,191800,46600,430700,29211000000,2095.0,3139.0,5184.0,2913.0,4382.0,0.836,235900,191800,44100,417900,28186040000,4929.0,0.0,
2267,標準型,,Hi-SC105-800-標準型-110-20,SC,800,110,105,60,0,0,40000,0,0,0,0,0,false,0,0,0,0,0,0,20,325,205000,0,SKK490,238400,189400,49000,440600,29923130000,2182.0,3286.0,5408.0,3063.0,4606.0,0.848,235900,189400,46500,427700,28898350000,5154.0,0.0,
2268,標準型,,Hi-SC105-800-標準型-110-21,SC,800,110,105,60,0,0,40000,0,0,0,0,0,false,0,0,0,0,0,0,21,325,205000,0,SKK490,238400,187100,51400,450400,30629450000,2251.0,3433.0,5627.0,3212.0,4830.0,0.861,235900,187100,48900,437600,29604860000,5376.0,0.0,
2269,標準型,,Hi-SC105-800-標準型-110-22,SC,800,110,105,60,0,0,40000,0,0,0,0,0,false,0,0,0,0,0,0,22,325,205000,0,SKK490,238400,184700,53800,460300,31330000000,2319.0,3578.0,5843.0,3360.0,5054.0,0.874,235900,184700,51300,447400,30305610000,5594.0,0.0,
2270,標準型,,Hi-SC105-800-標準型-110-23,SC,800,110,105,60,0,0,40000,0,0,0,0,0,false,0,0,0,0,0,0,23,325,205000,0,SKK490,238400,182300,56100,470000,32024800000,2387.0,3723.0,6056.0,3508.0,5277.0,0.887,235900,182300,53600,457200,31000610000,5809.0,0.0,
2271,標準型,,Hi-SC105-800-標準型-110-24,SC,800,110,105,60,0,0,40000,0,0,0,0,0,false,0,0,0,0,0,0,24,325,205000,0,SKK490,238400,179900,58500,479800,32713860000,2454.0,3866.0,6266.0,3656.0,5499.0,0.9,235900,179900,56000,466900,31689880000,6020.0,0.0,
2272,標準型,,Hi-SC105-800-標準型-110-25,SC,800,110,105,60,0,0,40000,0,0,0,0,0,false,0,0,0,0,0,0,25,325,205000,0,SKK490,238400,177600,60900,489500,33397200000,2521.0,4009.0,6473.0,3804.0,5721.0,0.912,235900,177600,58400,476700,32373450000,6229.0,0.0,
2273,厚型,,Hi-SC105-800-厚型-130-6,SC,800,130,105,60,0,0,40000,0,0,0,0,0,false,0,0,0,0,0,0,6,325,205000,0,SKK490,273600,258700,15000,335400,20797330000,736.0,1103.0,1876.0,935.0,1406.0,0.751,271100,258700,12500,322500,19770900000,1577.0,0.0,
2274,厚型,,Hi-SC105-800-厚型-130-7,SC,800,130,105,60,0,0,40000,0,0,0,0,0,false,0,0,0,0,0,0,7,325,205000,0,SKK490,273600,256200,17400,345600,21586730000,848.0,1271.0,2161.0,1089.0,1639.0,0.764,271100,256200,14900,332700,20560350000,1867.0,0.0,
2275,厚型,,Hi-SC105-800-厚型-130-8,SC,800,130,105,60,0,0,40000,0,0,0,0,0,false,0,0,0,0,0,0,8,325,205000,0,SKK490,273600,253700,19900,355700,22370060000,958.0,1436.0,2440.0,1244.0,1871.0,0.777,271100,253700,17400,342900,21343750000,2150.0,0.0,
2276,厚型,,Hi-SC105-800-厚型-130-9,SC,800,130,105,60,0,0,40000,0,0,0,0,0,false,0,0,0,0,0,0,9,325,205000,0,SKK490,273600,251300,22400,365900,23147340000,1067.0,1599.0,2715.0,1397.0,2102.0,0.791,271100,251300,19900,353000,22121110000,2428.0,0.0,
2277,厚型,,Hi-SC105-800-厚型-130-10,SC,800,130,105,60,0,0,40000,0,0,0,0,0,false,0,0,0,0,0,0,10,325,205000,0,SKK490,273600,248800,24800,376000,23918590000,1175.0,1760.0,2984.0,1551.0,2332.0,0.804,271100,248800,22300,363100,22892440000,2700.0,0.0,
2278,厚型,,Hi-SC105-800-厚型-130-11,SC,800,130,105,60,0,0,40000,0,0,0,0,0,false,0,0,0,0,0,0,11,325,205000,0,SKK490,273600,246400,27300,386100,24683840000,1281.0,1919.0,3249.0,1704.0,2562.0,0.817,271100,246400,24800,373200,23657780000,2968.0,0.0,
2279,厚型,,Hi-SC105-800-厚型-130-12,SC,800,130,105,60,0,0,40000,0,0,0,0,0,false,0,0,0,0,0,0,12,325,205000,0,SKK490,273600,243900,29700,396200,25443090000,1387.0,2077.0,3510.0,1856.0,2792.0,0.83,271100,243900,27200,383300,24417140000,3232.0,0.0,
2280,厚型,,Hi-SC105-800-厚型-130-13,SC,800,130,105,60,0,0,40000,0,0,0,0,0,false,0,0,0,0,0,0,13,325,205000,0,SKK490,273600,241500,32100,406200,26196390000,1491.0,2233.0,3766.0,2008.0,3021.0,0.844,271100,241500,29600,393400,25170550000,3491.0,0.0,
2281,厚型,,Hi-SC105-800-厚型-130-14,SC,800,130,105,60,0,0,40000,0,0,0,0,0,false,0,0,0,0,0,0,14,325,205000,0,SKK490,273600,239100,34600,416200,26943730000,1594.0,2388.0,4018.0,2160.0,3249.0,0.857,271100,239100,32100,403400,25918020000,3746.0,0.0,
2282,厚型,,Hi-SC105-800-厚型-130-15,SC,800,130,105,60,0,0,40000,0,0,0,0,0,false,0,0,0,0,0,0,15,325,205000,0,SKK490,273600,236600,37000,426200,27685160000,1697.0,2542.0,4266.0,2312.0,3477.0,0.87,271100,236600,34500,413400,26659580000,3996.0,0.0,
2283,厚型,,Hi-SC105-800-厚型-130-16,SC,800,130,105,60,0,0,40000,0,0,0,0,0,false,0,0,0,0,0,0,16,325,205000,0,SKK490,273600,234200,39400,436200,28420680000,1799.0,2694.0,4510.0,2463.0,3704.0,0.883,271100,234200,36900,423300,27395240000,4243.0,0.0,
2284,厚型,,Hi-SC105-800-厚型-130-17,SC,800,130,105,60,0,0,40000,0,0,0,0,0,false,0,0,0,0,0,0,17,325,205000,0,SKK490,273600,231800,41800,446100,29150320000,1900.0,2845.0,4750.0,2613.0,3930.0,0.896,271100,231800,39300,433300,28125030000,4486.0,0.0,
2285,厚型,,Hi-SC105-800-厚型-130-18,SC,800,130,105,60,0,0,40000,0,0,0,0,0,false,0,0,0,0,0,0,18,325,205000,0,SKK490,273600,229400,44200,456000,29874100000,2000.0,2995.0,4986.0,2763.0,4156.0,0.909,271100,229400,41700,443200,28848980000,4724.0,0.0,
2286,厚型,,Hi-SC105-800-厚型-130-19,SC,800,130,105,60,0,0,40000,0,0,0,0,0,false,0,0,0,0,0,0,19,325,205000,0,SKK490,273600,227000,46600,465900,30592050000,2099.0,3144.0,5219.0,2913.0,4382.0,0.922,271100,227000,44100,453100,29567090000,4959.0,0.0,
2287,厚型,,Hi-SC105-800-厚型-130-20,SC,800,130,105,60,0,0,40000,0,0,0,0,0,false,0,0,0,0,0,0,20,325,205000,0,SKK490,273600,224600,49000,475800,31304170000,2198.0,3292.0,5448.0,3063.0,4606.0,0.935,271100,224600,46500,462900,30279390000,5190.0,0.0,
2288,厚型,,Hi-SC105-800-厚型-130-21,SC,800,130,105,60,0,0,40000,0,0,0,0,0,false,0,0,0,0,0,0,21,325,205000,0,SKK490,273600,222200,51400,485600,32010500000,2296.0,3439.0,5674.0,3212.0,4830.0,0.947,271100,222200,48900,472800,30985910000,5418.0,0.0,
2289,厚型,,Hi-SC105-800-厚型-130-22,SC,800,130,105,60,0,0,40000,0,0,0,0,0,false,0,0,0,0,0,0,22,325,205000,0,SKK490,273600,219900,53800,495400,32711050000,2393.0,3585.0,5897.0,3360.0,5054.0,0.96,271100,219900,51300,482600,31686650000,5642.0,0.0,
2290,厚型,,Hi-SC105-800-厚型-130-23,SC,800,130,105,60,0,0,40000,0,0,0,0,0,false,0,0,0,0,0,0,23,325,205000,0,SKK490,273600,217500,56100,505200,33405840000,2468.0,3730.0,6116.0,3508.0,5277.0,0.973,271100,217500,53600,492400,32381650000,5863.0,0.0,
2291,厚型,,Hi-SC105-800-厚型-130-24,SC,800,130,105,60,0,0,40000,0,0,0,0,0,false,0,0,0,0,0,0,24,325,205000,0,SKK490,273600,215100,58500,515000,34094900000,2537.0,3874.0,6332.0,3656.0,5499.0,0.986,271100,215100,56000,502100,33070930000,6081.0,0.0,
2292,厚型,,Hi-SC105-800-厚型-130-25,SC,800,130,105,60,0,0,40000,0,0,0,0,0,false,0,0,0,0,0,0,25,325,205000,0,SKK490,273600,212800,60900,524700,34778240000,2605.0,4017.0,6545.0,3804.0,5721.0,0.999,271100,212800,58400,511800,33754500000,6296.0,0.0,
2293,特厚型,,Hi-SC105-800-特厚型-150-6,SC,800,150,105,60,0,0,40000,0,0,0,0,0,false,0,0,0,0,0,0,6,325,205000,0,SKK490,306300,291300,15000,368000,21903300000,736.0,1102.0,1876.0,935.0,1406.0,0.831,303800,291300,12500,355200,20876860000,1577.0,0.0,
2294,特厚型,,Hi-SC105-800-特厚型-150-7,SC,800,150,105,60,0,0,40000,0,0,0,0,0,false,0,0,0,0,0,0,7,325,205000,0,SKK490,306300,288900,17400,378200,22692700000,848.0,1270.0,2161.0,1089.0,1639.0,0.844,303800,288900,14900,365400,21666320000,1867.0,0.0,
2295,特厚型,,Hi-SC105-800-特厚型-150-8,SC,800,150,105,60,0,0,40000,0,0,0,0,0,false,0,0,0,0,0,0,8,325,205000,0,SKK490,306300,286400,19900,388400,23476030000,958.0,1435.0,2440.0,1244.0,1871.0,0.858,303800,286400,17400,375500,22449710000,2150.0,0.0,
2296,特厚型,,Hi-SC105-800-特厚型-150-9,SC,800,150,105,60,0,0,40000,0,0,0,0,0,false,0,0,0,0,0,0,9,325,205000,0,SKK490,306300,283900,22400,398600,24253310000,1067.0,1598.0,2715.0,1397.0,2102.0,0.871,303800,283900,19900,385700,23227070000,2428.0,0.0,
2297,特厚型,,Hi-SC105-800-特厚型-150-10,SC,800,150,105,60,0,0,40000,0,0,0,0,0,false,0,0,0,0,0,0,10,325,205000,0,SKK490,306300,281500,24800,408700,25024560000,1174.0,1759.0,2984.0,1551.0,2332.0,0.884,303800,281500,22300,395800,23998410000,2700.0,0.0,
2298,特厚型,,Hi-SC105-800-特厚型-150-11,SC,800,150,105,60,0,0,40000,0,0,0,0,0,false,0,0,0,0,0,0,11,325,205000,0,SKK490,306300,279000,27300,418800,25789800000,1281.0,1919.0,3249.0,1704.0,2562.0,0.897,303800,279000,24800,405900,24763750000,2968.0,0.0,
2299,特厚型,,Hi-SC105-800-特厚型-150-12,SC,800,150,105,60,0,0,40000,0,0,0,0,0,false,0,0,0,0,0,0,12,325,205000,0,SKK490,306300,276600,29700,428800,26549060000,1386.0,2077.0,3509.0,1856.0,2792.0,0.91,303800,276600,27200,416000,25523110000,3232.0,0.0,
2300,特厚型,,Hi-SC105-800-特厚型-150-13,SC,800,150,105,60,0,0,40000,0,0,0,0,0,false,0,0,0,0,0,0,13,325,205000,0,SKK490,306300,274200,32100,438900,27302350000,1491.0,2233.0,3766.0,2008.0,3021.0,0.924,303800,274200,29600,426000,26276510000,3491.0,0.0,
2301,特厚型,,Hi-SC105-800-特厚型-150-14,SC,800,150,105,60,0,0,40000,0,0,0,0,0,false,0,0,0,0,0,0,14,325,205000,0,SKK490,306300,271700,34600,448900,28049700000,1594.0,2388.0,4019.0,2160.0,3249.0,0.937,303800,271700,32100,436000,27023980000,3746.0,0.0,
2302,特厚型,,Hi-SC105-800-特厚型-150-15,SC,800,150,105,60,0,0,40000,0,0,0,0,0,false,0,0,0,0,0,0,15,325,205000,0,SKK490,306300,269300,37000,458900,28791120000,1697.0,2542.0,4269.0,2312.0,3477.0,0.95,303800,269300,34500,446000,27765540000,3998.0,0.0,
2303,特厚型,,Hi-SC105-800-特厚型-150-16,SC,800,150,105,60,0,0,40000,0,0,0,0,0,false,0,0,0,0,0,0,16,325,205000,0,SKK490,306300,266900,39400,468900,29526650000,1799.0,2694.0,4514.0,2463.0,3704.0,0.963,303800,266900,36900,456000,28501210000,4246.0,0.0,
2304,特厚型,,Hi-SC105-800-特厚型-150-17,SC,800,150,105,60,0,0,40000,0,0,0,0,0,false,0,0,0,0,0,0,17,325,205000,0,SKK490,306300,264500,41800,478800,30256290000,1900.0,2846.0,4757.0,2613.0,3930.0,0.976,303800,264500,39300,465900,29231000000,4490.0,0.0,
2305,特厚型,,Hi-SC105-800-特厚型-150-18,SC,800,150,105,60,0,0,40000,0,0,0,0,0,false,0,0,0,0,0,0,18,325,205000,0,SKK490,306300,262100,44200,488700,30980070000,2000.0,2996.0,4995.0,2763.0,4156.0,0.989,303800,262100,41700,475900,29954940000,4731.0,0.0,
2306,特厚型,,Hi-SC105-800-特厚型-150-19,SC,800,150,105,60,0,0,40000,0,0,0,0,0,false,0,0,0,0,0,0,19,325,205000,0,SKK490,306300,259700,46600,498600,31698010000,2100.0,3145.0,5231.0,2913.0,4382.0,1.002,303800,259700,44100,485700,30673050000,4968.0,0.0,
2307,特厚型,,Hi-SC105-800-特厚型-150-20,SC,800,150,105,60,0,0,40000,0,0,0,0,0,false,0,0,0,0,0,0,20,325,205000,0,SKK490,306300,257300,49000,508500,32410130000,2199.0,3293.0,5463.0,3063.0,4606.0,1.015,303800,257300,46500,495600,31385360000,5203.0,0.0,
2308,特厚型,,Hi-SC105-800-特厚型-150-21,SC,800,150,105,60,0,0,40000,0,0,0,0,0,false,0,0,0,0,0,0,21,325,205000,0,SKK490,306300,254900,51400,518300,33116460000,2297.0,3440.0,5692.0,3212.0,4830.0,1.027,303800,254900,48900,505400,32091870000,5433.0,0.0,
2309,特厚型,,Hi-SC105-800-特厚型-150-22,SC,800,150,105,60,0,0,40000,0,0,0,0,0,false,0,0,0,0,0,0,22,325,205000,0,SKK490,306300,252500,53800,528100,33817010000,2394.0,3586.0,5918.0,3360.0,5054.0,1.04,303800,252500,51300,515200,32792620000,5661.0,0.0,
2310,特厚型,,Hi-SC105-800-特厚型-150-23,SC,800,150,105,60,0,0,40000,0,0,0,0,0,false,0,0,0,0,0,0,23,325,205000,0,SKK490,306300,250200,56100,537900,34511810000,2491.0,3731.0,6141.0,3508.0,5277.0,1.053,303800,250200,53600,525000,33487620000,5886.0,0.0,
2311,特厚型,,Hi-SC105-800-特厚型-150-24,SC,800,150,105,60,0,0,40000,0,0,0,0,0,false,0,0,0,0,0,0,24,325,205000,0,SKK490,306300,247800,58500,547700,35200860000,2588.0,3876.0,6361.0,3656.0,5499.0,1.066,303800,247800,56000,534800,34176890000,6107.0,0.0,
2312,特厚型,,Hi-SC105-800-特厚型-150-25,SC,800,150,105,60,0,0,40000,0,0,0,0,0,false,0,0,0,0,0,0,25,325,205000,0,SKK490,306300,245400,60900,557400,35884210000,2670.0,4019.0,6578.0,3804.0,5721.0,1.079,303800,245400,58400,544500,34860460000,6326.0,0.0,
2313,標準型,,Hi-SC105-900-標準型-120-6,SC,900,120,105,60,0,0,40000,0,0,0,0,0,false,0,0,0,0,0,0,6,325,205000,0,SKK490,294100,277200,16900,363600,29836540000,941.0,1410.0,2397.0,1053.0,1584.0,0.811,291200,277200,14000,349100,28374410000,2014.0,0.0,
2314,標準型,,Hi-SC105-900-標準型-120-7,SC,900,120,105,60,0,0,40000,0,0,0,0,0,false,0,0,0,0,0,0,7,325,205000,0,SKK490,294100,274400,19600,375100,30966770000,1084.0,1624.0,2763.0,1227.0,1845.0,0.826,291200,274400,16800,360600,29504710000,2386.0,0.0,
2315,標準型,,Hi-SC105-900-標準型-120-8,SC,900,120,105,60,0,0,40000,0,0,0,0,0,false,0,0,0,0,0,0,8,325,205000,0,SKK490,294100,271600,22400,386500,32089300000,1225.0,1834.0,3122.0,1401.0,2107.0,0.841,291200,271600,19600,372100,30627310000,2750.0,0.0,
2316,標準型,,Hi-SC105-900-標準型-120-9,SC,900,120,105,60,0,0,40000,0,0,0,0,0,false,0,0,0,0,0,0,9,325,205000,0,SKK490,294100,268900,25200,398000,33204140000,1364.0,2043.0,3475.0,1574.0,2368.0,0.856,291200,268900,22400,383500,31742240000,3108.0,0.0,
2317,標準型,,Hi-SC105-900-標準型-120-10,SC,900,120,105,60,0,0,40000,0,0,0,0,0,false,0,0,0,0,0,0,10,325,205000,0,SKK490,294100,266100,28000,409400,34311330000,1501.0,2248.0,3822.0,1747.0,2628.0,0.871,291200,266100,25100,394900,32849530000,3459.0,0.0,
2318,標準型,,Hi-SC105-900-標準型-120-11,SC,900,120,105,60,0,0,40000,0,0,0,0,0,false,0,0,0,0,0,0,11,325,205000,0,SKK490,294100,263300,30700,420800,35410890000,1637.0,2452.0,4163.0,1920.0,2887.0,0.886,291200,263300,27900,406300,33949190000,3804.0,0.0,
2319,標準型,,Hi-SC105-900-標準型-120-12,SC,900,120,105,60,0,0,40000,0,0,0,0,0,false,0,0,0,0,0,0,12,325,205000,0,SKK490,294100,260600,33500,432100,36502840000,1771.0,2653.0,4498.0,2092.0,3146.0,0.901,291200,260600,30700,417700,35041260000,4143.0,0.0,
2320,標準型,,Hi-SC105-900-標準型-120-13,SC,900,120,105,60,0,0,40000,0,0,0,0,0,false,0,0,0,0,0,0,13,325,205000,0,SKK490,294100,257800,36200,443500,37587200000,1905.0,2853.0,4827.0,2264.0,3405.0,0.916,291200,257800,33400,429000,36125750000,4476.0,0.0,
2321,標準型,,Hi-SC105-900-標準型-120-14,SC,900,120,105,60,0,0,40000,0,0,0,0,0,false,0,0,0,0,0,0,14,325,205000,0,SKK490,294100,255100,39000,454800,38664000000,2037.0,3051.0,5150.0,2435.0,3663.0,0.93,291200,255100,36100,440300,37202690000,4803.0,0.0,
2322,標準型,,Hi-SC105-900-標準型-120-15,SC,900,120,105,60,0,0,40000,0,0,0,0,0,false,0,0,0,0,0,0,15,325,205000,0,SKK490,294100,252300,41700,466100,39733260000,2168.0,3247.0,5467.0,2606.0,3920.0,0.945,291200,252300,38900,451600,38272100000,5124.0,0.0,
2323,標準型,,Hi-SC105-900-標準型-120-16,SC,900,120,105,60,0,0,40000,0,0,0,0,0,false,0,0,0,0,0,0,16,325,205000,0,SKK490,294100,249600,44400,477300,40795010000,2298.0,3442.0,5779.0,2777.0,4176.0,0.96,291200,249600,41600,462900,39334010000,5440.0,0.0,
2324,標準型,,Hi-SC105-900-標準型-120-17,SC,900,120,105,60,0,0,40000,0,0,0,0,0,false,0,0,0,0,0,0,17,325,205000,0,SKK490,294100,246900,47200,488600,41849270000,2427.0,3636.0,6085.0,2947.0,4432.0,0.975,291200,246900,44300,474100,40388440000,5750.0,0.0,
2325,標準型,,Hi-SC105-900-標準型-120-18,SC,900,120,105,60,0,0,40000,0,0,0,0,0,false,0,0,0,0,0,0,18,325,205000,0,SKK490,294100,244200,49900,499800,42896060000,2556.0,3828.0,6387.0,3117.0,4688.0,0.989,291200,244200,47100,485300,41435410000,6055.0,0.0,
2326,標準型,,Hi-SC105-900-標準型-120-19,SC,900,120,105,60,0,0,40000,0,0,0,0,0,false,0,0,0,0,0,0,19,325,205000,0,SKK490,294100,241500,52600,511000,43935410000,2683.0,4019.0,6683.0,3286.0,4943.0,1.004,291200,241500,49800,496500,42474950000,6354.0,0.0,
2327,標準型,,Hi-SC105-900-標準型-120-20,SC,900,120,105,60,0,0,40000,0,0,0,0,0,false,0,0,0,0,0,0,20,325,205000,0,SKK490,294100,238800,55300,522100,44967340000,2810.0,4208.0,6975.0,3455.0,5197.0,1.018,291200,238800,52500,507700,43507080000,6649.0,0.0,
2328,標準型,,Hi-SC105-900-標準型-120-21,SC,900,120,105,60,0,0,40000,0,0,0,0,0,false,0,0,0,0,0,0,21,325,205000,0,SKK490,294100,236100,58000,533300,45991870000,2935.0,4397.0,7262.0,3624.0,5451.0,1.033,291200,236100,55200,518800,44531830000,6939.0,0.0,
2329,標準型,,Hi-SC105-900-標準型-120-22,SC,900,120,105,60,0,0,40000,0,0,0,0,0,false,0,0,0,0,0,0,22,325,205000,0,SKK490,294100,233400,60700,544400,47009030000,3043.0,4584.0,7545.0,3792.0,5704.0,1.048,291200,233400,57900,529900,45549210000,7224.0,0.0,
2330,標準型,,Hi-SC105-900-標準型-120-23,SC,900,120,105,60,0,0,40000,0,0,0,0,0,false,0,0,0,0,0,0,23,325,205000,0,SKK490,294100,230700,63400,555400,48018840000,3129.0,4770.0,7823.0,3960.0,5956.0,1.062,291200,230700,60500,541000,46559250000,7505.0,0.0,
2331,標準型,,Hi-SC105-900-標準型-120-24,SC,900,120,105,60,0,0,40000,0,0,0,0,0,false,0,0,0,0,0,0,24,325,205000,0,SKK490,294100,228000,66000,566500,49021330000,3216.0,4954.0,8098.0,4128.0,6208.0,1.077,291200,228000,63200,552000,47561980000,7782.0,0.0,
2332,標準型,,Hi-SC105-900-標準型-120-25,SC,900,120,105,60,0,0,40000,0,0,0,0,0,false,0,0,0,0,0,0,25,325,205000,0,SKK490,294100,225300,68700,577500,50016510000,3302.0,5138.0,8369.0,4295.0,6459.0,1.091,291200,225300,65900,563100,48557420000,8055.0,0.0,
2333,厚型,,Hi-SC105-900-厚型-140-6,SC,900,140,105,60,0,0,40000,0,0,0,0,0,false,0,0,0,0,0,0,6,325,205000,0,SKK490,334300,317400,16900,403800,31897420000,941.0,1410.0,2397.0,1053.0,1584.0,0.909,331400,317400,14000,389300,30435300000,2014.0,0.0,
2334,厚型,,Hi-SC105-900-厚型-140-7,SC,900,140,105,60,0,0,40000,0,0,0,0,0,false,0,0,0,0,0,0,7,325,205000,0,SKK490,334300,314600,19600,415300,33027650000,1084.0,1624.0,2763.0,1227.0,1845.0,0.925,331400,314600,16800,400800,31565590000,2386.0,0.0,
2335,厚型,,Hi-SC105-900-厚型-140-8,SC,900,140,105,60,0,0,40000,0,0,0,0,0,false,0,0,0,0,0,0,8,325,205000,0,SKK490,334300,311800,22400,426700,34150180000,1226.0,1836.0,3122.0,1401.0,2107.0,0.94,331400,311800,19600,412300,32688190000,2750.0,0.0,
2336,厚型,,Hi-SC105-900-厚型-140-9,SC,900,140,105,60,0,0,40000,0,0,0,0,0,false,0,0,0,0,0,0,9,325,205000,0,SKK490,334300,309100,25200,438200,35265020000,1365.0,2044.0,3475.0,1574.0,2368.0,0.955,331400,309100,22400,423700,33803130000,3107.0,0.0,
2337,厚型,,Hi-SC105-900-厚型-140-10,SC,900,140,105,60,0,0,40000,0,0,0,0,0,false,0,0,0,0,0,0,10,325,205000,0,SKK490,334300,306300,28000,449600,36372210000,1503.0,2251.0,3822.0,1747.0,2628.0,0.969,331400,306300,25100,435100,34910410000,3459.0,0.0,
2338,厚型,,Hi-SC105-900-厚型-140-11,SC,900,140,105,60,0,0,40000,0,0,0,0,0,false,0,0,0,0,0,0,11,325,205000,0,SKK490,334300,303500,30700,461000,37471770000,1639.0,2455.0,4165.0,1920.0,2887.0,0.984,331400,303500,27900,446500,36010080000,3805.0,0.0,
2339,厚型,,Hi-SC105-900-厚型-140-12,SC,900,140,105,60,0,0,40000,0,0,0,0,0,false,0,0,0,0,0,0,12,325,205000,0,SKK490,334300,300800,33500,472400,38563720000,1774.0,2657.0,4501.0,2092.0,3146.0,0.999,331400,300800,30700,457900,37102140000,4145.0,0.0,
2340,厚型,,Hi-SC105-900-厚型-140-13,SC,900,140,105,60,0,0,40000,0,0,0,0,0,false,0,0,0,0,0,0,13,325,205000,0,SKK490,334300,298000,36200,483700,39648080000,1908.0,2857.0,4833.0,2264.0,3405.0,1.014,331400,298000,33400,469200,38186630000,4480.0,0.0,
2341,厚型,,Hi-SC105-900-厚型-140-14,SC,900,140,105,60,0,0,40000,0,0,0,0,0,false,0,0,0,0,0,0,14,325,205000,0,SKK490,334300,295300,39000,495000,40724880000,2040.0,3056.0,5159.0,2435.0,3663.0,1.029,331400,295300,36100,480500,39263570000,4810.0,0.0,
2342,厚型,,Hi-SC105-900-厚型-140-15,SC,900,140,105,60,0,0,40000,0,0,0,0,0,false,0,0,0,0,0,0,15,325,205000,0,SKK490,334300,292600,41700,506300,41794140000,2172.0,3253.0,5481.0,2606.0,3920.0,1.044,331400,292600,38900,491800,40332990000,5135.0,0.0,
2343,厚型,,Hi-SC105-900-厚型-140-16,SC,900,140,105,60,0,0,40000,0,0,0,0,0,false,0,0,0,0,0,0,16,325,205000,0,SKK490,334300,289800,44400,517600,42855890000,2302.0,3448.0,5798.0,2777.0,4176.0,1.058,331400,289800,41600,503100,41394890000,5455.0,0.0,
2344,厚型,,Hi-SC105-900-厚型-140-17,SC,900,140,105,60,0,0,40000,0,0,0,0,0,false,0,0,0,0,0,0,17,325,205000,0,SKK490,334300,287100,47200,528800,43910150000,2432.0,3642.0,6110.0,2947.0,4432.0,1.073,331400,287100,44300,514300,42449320000,5770.0,0.0,
2345,厚型,,Hi-SC105-900-厚型-140-18,SC,900,140,105,60,0,0,40000,0,0,0,0,0,false,0,0,0,0,0,0,18,325,205000,0,SKK490,334300,284400,49900,540000,44956940000,2560.0,3835.0,6417.0,3117.0,4688.0,1.088,331400,284400,47100,525500,43496300000,6080.0,0.0,
2346,厚型,,Hi-SC105-900-厚型-140-19,SC,900,140,105,60,0,0,40000,0,0,0,0,0,false,0,0,0,0,0,0,19,325,205000,0,SKK490,334300,281700,52600,551200,45996290000,2688.0,4026.0,6720.0,3286.0,4943.0,1.102,331400,281700,49800,536700,44535840000,6386.0,0.0,
2347,厚型,,Hi-SC105-900-厚型-140-20,SC,900,140,105,60,0,0,40000,0,0,0,0,0,false,0,0,0,0,0,0,20,325,205000,0,SKK490,334300,279000,55300,562300,47028220000,2815.0,4216.0,7019.0,3455.0,5197.0,1.117,331400,279000,52500,547900,45567970000,6687.0,0.0,
2348,厚型,,Hi-SC105-900-厚型-140-21,SC,900,140,105,60,0,0,40000,0,0,0,0,0,false,0,0,0,0,0,0,21,325,205000,0,SKK490,334300,276300,58000,573500,48052750000,2941.0,4405.0,7313.0,3624.0,5451.0,1.132,331400,276300,55200,559000,46592710000,6984.0,0.0,
2349,厚型,,Hi-SC105-900-厚型-140-22,SC,900,140,105,60,0,0,40000,0,0,0,0,0,false,0,0,0,0,0,0,22,325,205000,0,SKK490,334300,273600,60700,584600,49069910000,3066.0,4593.0,7603.0,3792.0,5704.0,1.146,331400,273600,57900,570100,47610090000,7277.0,0.0,
2350,厚型,,Hi-SC105-900-厚型-140-23,SC,900,140,105,60,0,0,40000,0,0,0,0,0,false,0,0,0,0,0,0,23,325,205000,0,SKK490,334300,270900,63400,595700,50079720000,3191.0,4779.0,7889.0,3960.0,5956.0,1.161,331400,270900,60500,581200,48620140000,7565.0,0.0,
2351,厚型,,Hi-SC105-900-厚型-140-24,SC,900,140,105,60,0,0,40000,0,0,0,0,0,false,0,0,0,0,0,0,24,325,205000,0,SKK490,334300,268200,66000,606700,51082210000,3314.0,4964.0,8171.0,4128.0,6208.0,1.175,331400,268200,63200,592200,49622870000,7850.0,0.0,
2352,厚型,,Hi-SC105-900-厚型-140-25,SC,900,140,105,60,0,0,40000,0,0,0,0,0,false,0,0,0,0,0,0,25,325,205000,0,SKK490,334300,265500,68700,617700,52077390000,3409.0,5148.0,8450.0,4295.0,6459.0,1.189,331400,265500,65900,603300,50618300000,8130.0,0.0,
2353,特厚型,,Hi-SC105-900-特厚型-160-6,SC,900,160,105,60,0,0,40000,0,0,0,0,0,false,0,0,0,0,0,0,6,325,205000,0,SKK490,372000,355100,16900,441500,33595760000,941.0,1409.0,2397.0,1053.0,1584.0,1.002,369100,355100,14000,427000,32133640000,2014.0,0.0,
2354,特厚型,,Hi-SC105-900-特厚型-160-7,SC,900,160,105,60,0,0,40000,0,0,0,0,0,false,0,0,0,0,0,0,7,325,205000,0,SKK490,372000,352300,19600,453000,34726000000,1084.0,1623.0,2763.0,1227.0,1845.0,1.017,369100,352300,16800,438500,33263940000,2386.0,0.0,
2355,特厚型,,Hi-SC105-900-特厚型-160-8,SC,900,160,105,60,0,0,40000,0,0,0,0,0,false,0,0,0,0,0,0,8,325,205000,0,SKK490,372000,349500,22400,464400,35848520000,1225.0,1835.0,3122.0,1401.0,2107.0,1.032,369100,349500,19600,450000,34386540000,2750.0,0.0,
2356,特厚型,,Hi-SC105-900-特厚型-160-9,SC,900,160,105,60,0,0,40000,0,0,0,0,0,false,0,0,0,0,0,0,9,325,205000,0,SKK490,372000,346800,25200,475900,36963370000,1365.0,2044.0,3475.0,1574.0,2368.0,1.047,369100,346800,22400,461400,35501470000,3107.0,0.0,
2357,特厚型,,Hi-SC105-900-特厚型-160-10,SC,900,160,105,60,0,0,40000,0,0,0,0,0,false,0,0,0,0,0,0,10,325,205000,0,SKK490,372000,344000,28000,487300,38070560000,1502.0,2250.0,3822.0,1747.0,2628.0,1.062,369100,344000,25100,472800,36608760000,3459.0,0.0,
2358,特厚型,,Hi-SC105-900-特厚型-160-11,SC,900,160,105,60,0,0,40000,0,0,0,0,0,false,0,0,0,0,0,0,11,325,205000,0,SKK490,372000,341200,30700,498700,39170110000,1639.0,2455.0,4164.0,1920.0,2887.0,1.077,369100,341200,27900,484200,37708420000,3804.0,0.0,
2359,特厚型,,Hi-SC105-900-特厚型-160-12,SC,900,160,105,60,0,0,40000,0,0,0,0,0,false,0,0,0,0,0,0,12,325,205000,0,SKK490,372000,338500,33500,510100,40262060000,1774.0,2657.0,4501.0,2092.0,3146.0,1.092,369100,338500,30700,495600,38800490000,4145.0,0.0,
2360,特厚型,,Hi-SC105-900-特厚型-160-13,SC,900,160,105,60,0,0,40000,0,0,0,0,0,false,0,0,0,0,0,0,13,325,205000,0,SKK490,372000,335700,36200,521400,41346420000,1908.0,2858.0,4833.0,2264.0,3405.0,1.106,369100,335700,33400,506900,39884980000,4480.0,0.0,
2361,特厚型,,Hi-SC105-900-特厚型-160-14,SC,900,160,105,60,0,0,40000,0,0,0,0,0,false,0,0,0,0,0,0,14,325,205000,0,SKK490,372000,333000,39000,532700,42423230000,2041.0,3057.0,5161.0,2435.0,3663.0,1.121,369100,333000,36100,518200,40961920000,4810.0,0.0,
2362,特厚型,,Hi-SC105-900-特厚型-160-15,SC,900,160,105,60,0,0,40000,0,0,0,0,0,false,0,0,0,0,0,0,15,325,205000,0,SKK490,372000,330300,41700,544000,43492490000,2172.0,3254.0,5484.0,2606.0,3920.0,1.136,369100,330300,38900,529500,42031330000,5136.0,0.0,
2363,特厚型,,Hi-SC105-900-特厚型-160-16,SC,900,160,105,60,0,0,40000,0,0,0,0,0,false,0,0,0,0,0,0,16,325,205000,0,SKK490,372000,327500,44400,555300,44554240000,2303.0,3450.0,5802.0,2777.0,4176.0,1.151,369100,327500,41600,540800,43093240000,5458.0,0.0,
2364,特厚型,,Hi-SC105-900-特厚型-160-17,SC,900,160,105,60,0,0,40000,0,0,0,0,0,false,0,0,0,0,0,0,17,325,205000,0,SKK490,372000,324800,47200,566500,45608500000,2433.0,3644.0,6117.0,2947.0,4432.0,1.165,369100,324800,44300,552000,44147670000,5775.0,0.0,
2365,特厚型,,Hi-SC105-900-特厚型-160-18,SC,900,160,105,60,0,0,40000,0,0,0,0,0,false,0,0,0,0,0,0,18,325,205000,0,SKK490,372000,322100,49900,577700,46655290000,2562.0,3837.0,6427.0,3117.0,4688.0,1.18,369100,322100,47100,563200,45194640000,6087.0,0.0,
2366,特厚型,,Hi-SC105-900-特厚型-160-19,SC,900,160,105,60,0,0,40000,0,0,0,0,0,false,0,0,0,0,0,0,19,325,205000,0,SKK490,372000,319400,52600,588900,47694630000,2690.0,4029.0,6733.0,3286.0,4943.0,1.195,369100,319400,49800,574400,46234180000,6396.0,0.0,
2367,特厚型,,Hi-SC105-900-特厚型-160-20,SC,900,160,105,60,0,0,40000,0,0,0,0,0,false,0,0,0,0,0,0,20,325,205000,0,SKK490,372000,316700,55300,600000,48726560000,2817.0,4219.0,7035.0,3455.0,5197.0,1.209,369100,316700,52500,585600,47266310000,6701.0,0.0,
2368,特厚型,,Hi-SC105-900-特厚型-160-21,SC,900,160,105,60,0,0,40000,0,0,0,0,0,false,0,0,0,0,0,0,21,325,205000,0,SKK490,372000,314000,58000,611200,49751100000,2943.0,4408.0,7333.0,3624.0,5451.0,1.224,369100,314000,55200,596700,48291050000,7001.0,0.0,
2369,特厚型,,Hi-SC105-900-特厚型-160-22,SC,900,160,105,60,0,0,40000,0,0,0,0,0,false,0,0,0,0,0,0,22,325,205000,0,SKK490,372000,311300,60700,622300,50768260000,3068.0,4596.0,7628.0,3792.0,5704.0,1.238,369100,311300,57900,607800,49308440000,7298.0,0.0,
2370,特厚型,,Hi-SC105-900-特厚型-160-23,SC,900,160,105,60,0,0,40000,0,0,0,0,0,false,0,0,0,0,0,0,23,325,205000,0,SKK490,372000,308600,63400,633400,51778070000,3193.0,4782.0,7918.0,3960.0,5956.0,1.253,369100,308600,60500,618900,50318480000,7591.0,0.0,
2371,特厚型,,Hi-SC105-900-特厚型-160-24,SC,900,160,105,60,0,0,40000,0,0,0,0,0,false,0,0,0,0,0,0,24,325,205000,0,SKK490,372000,305900,66000,644400,52780550000,3317.0,4968.0,8205.0,4128.0,6208.0,1.267,369100,305900,63200,629900,51321210000,7880.0,0.0,
2372,特厚型,,Hi-SC105-900-特厚型-160-25,SC,900,160,105,60,0,0,40000,0,0,0,0,0,false,0,0,0,0,0,0,25,325,205000,0,SKK490,372000,303200,68700,655400,53775740000,3440.0,5152.0,8489.0,4295.0,6459.0,1.282,369100,303200,65900,641000,52316650000,8165.0,0.0,
2373,標準型,,Hi-SC105-1000-標準型-130-6,SC,1000,130,105,60,0,0,40000,0,0,0,0,0,false,0,0,0,0,0,0,6,325,205000,0,SKK490,355300,336600,18700,432600,43913040000,1172.0,1755.0,2982.0,1171.0,1761.0,0.971,352200,336600,15600,416500,41906670000,2505.0,0.0,
2374,標準型,,Hi-SC105-1000-標準型-130-7,SC,1000,130,105,60,0,0,40000,0,0,0,0,0,false,0,0,0,0,0,0,7,325,205000,0,SKK490,355300,333500,21800,445400,45470310000,1350.0,2022.0,3440.0,1364.0,2052.0,0.988,352200,333500,18700,429300,43464020000,2970.0,0.0,
2375,標準型,,Hi-SC105-1000-標準型-130-8,SC,1000,130,105,60,0,0,40000,0,0,0,0,0,false,0,0,0,0,0,0,8,325,205000,0,SKK490,355300,330400,24900,458200,47018050000,1526.0,2285.0,3889.0,1558.0,2343.0,1.005,352200,330400,21800,442100,45011840000,3425.0,0.0,
2376,標準型,,Hi-SC105-1000-標準型-130-9,SC,1000,130,105,60,0,0,40000,0,0,0,0,0,false,0,0,0,0,0,0,9,325,205000,0,SKK490,355300,327300,28000,470900,48556290000,1699.0,2545.0,4332.0,1751.0,2633.0,1.021,352200,327300,24900,454800,46550170000,3873.0,0.0,
2377,標準型,,Hi-SC105-1000-標準型-130-10,SC,1000,130,105,60,0,0,40000,0,0,0,0,0,false,0,0,0,0,0,0,10,325,205000,0,SKK490,355300,324200,31100,483600,50085040000,1870.0,2801.0,4767.0,1943.0,2923.0,1.038,352200,324200,28000,467500,48079030000,4314.0,0.0,
2378,標準型,,Hi-SC105-1000-標準型-130-11,SC,1000,130,105,60,0,0,40000,0,0,0,0,0,false,0,0,0,0,0,0,11,325,205000,0,SKK490,355300,321100,34200,496300,51604350000,2040.0,3055.0,5196.0,2136.0,3212.0,1.055,352200,321100,31000,480200,49598460000,4747.0,0.0,
2379,標準型,,Hi-SC105-1000-標準型-130-12,SC,1000,130,105,60,0,0,40000,0,0,0,0,0,false,0,0,0,0,0,0,12,325,205000,0,SKK490,355300,318100,37200,509000,53114220000,2208.0,3307.0,5617.0,2327.0,3501.0,1.071,352200,318100,34100,492900,51108460000,5174.0,0.0,
2380,標準型,,Hi-SC105-1000-標準型-130-13,SC,1000,130,105,60,0,0,40000,0,0,0,0,0,false,0,0,0,0,0,0,13,325,205000,0,SKK490,355300,315000,40300,521600,54614700000,2374.0,3556.0,6031.0,2519.0,3789.0,1.088,352200,315000,37200,505500,52609080000,5593.0,0.0,
2381,標準型,,Hi-SC105-1000-標準型-130-14,SC,1000,130,105,60,0,0,40000,0,0,0,0,0,false,0,0,0,0,0,0,14,325,205000,0,SKK490,355300,311900,43400,534200,56105800000,2539.0,3803.0,6439.0,2710.0,4076.0,1.104,352200,311900,40200,518100,54100340000,6005.0,0.0,
2382,標準型,,Hi-SC105-1000-標準型-130-15,SC,1000,130,105,60,0,0,40000,0,0,0,0,0,false,0,0,0,0,0,0,15,325,205000,0,SKK490,355300,308900,46400,546800,57587560000,2703.0,4048.0,6840.0,2901.0,4363.0,1.121,352200,308900,43300,530700,55582260000,6411.0,0.0,
2383,標準型,,Hi-SC105-1000-標準型-130-16,SC,1000,130,105,60,0,0,40000,0,0,0,0,0,false,0,0,0,0,0,0,16,325,205000,0,SKK490,355300,305900,49500,559300,59059990000,2865.0,4292.0,7234.0,3091.0,4649.0,1.137,352200,305900,46300,543300,57054880000,6810.0,0.0,
2384,標準型,,Hi-SC105-1000-標準型-130-17,SC,1000,130,105,60,0,0,40000,0,0,0,0,0,false,0,0,0,0,0,0,17,325,205000,0,SKK490,355300,302800,52500,571900,60523140000,3027.0,4533.0,7623.0,3281.0,4934.0,1.153,352200,302800,49400,555800,58518210000,7202.0,0.0,
2385,標準型,,Hi-SC105-1000-標準型-130-18,SC,1000,130,105,60,0,0,40000,0,0,0,0,0,false,0,0,0,0,0,0,18,325,205000,0,SKK490,355300,299800,55500,584400,61977010000,3187.0,4773.0,8004.0,3470.0,5219.0,1.17,352200,299800,52400,568300,59972280000,7588.0,0.0,
2386,標準型,,Hi-SC105-1000-標準型-130-19,SC,1000,130,105,60,0,0,40000,0,0,0,0,0,false,0,0,0,0,0,0,19,325,205000,0,SKK490,355300,296800,58600,596900,63421640000,3346.0,5012.0,8380.0,3659.0,5504.0,1.186,352200,296800,55400,580800,61417130000,7968.0,0.0,
2387,標準型,,Hi-SC105-1000-標準型-130-20,SC,1000,130,105,60,0,0,40000,0,0,0,0,0,false,0,0,0,0,0,0,20,325,205000,0,SKK490,355300,293700,61600,609300,64857060000,3505.0,5249.0,8751.0,3848.0,5788.0,1.202,352200,293700,58400,593200,62852770000,8342.0,0.0,
2388,標準型,,Hi-SC105-1000-標準型-130-21,SC,1000,130,105,60,0,0,40000,0,0,0,0,0,false,0,0,0,0,0,0,21,325,205000,0,SKK490,355300,290700,64600,621700,66283280000,3662.0,5484.0,9115.0,4036.0,6071.0,1.219,352200,290700,61400,605700,64279230000,8710.0,0.0,
2389,標準型,,Hi-SC105-1000-標準型-130-22,SC,1000,130,105,60,0,0,40000,0,0,0,0,0,false,0,0,0,0,0,0,22,325,205000,0,SKK490,355300,287700,67600,634100,67700350000,3818.0,5719.0,9474.0,4224.0,6353.0,1.235,352200,287700,64500,618100,65696550000,9073.0,0.0,
2390,標準型,,Hi-SC105-1000-標準型-130-23,SC,1000,130,105,60,0,0,40000,0,0,0,0,0,false,0,0,0,0,0,0,23,325,205000,0,SKK490,355300,284700,70600,646500,69108280000,3973.0,5951.0,9829.0,4412.0,6635.0,1.251,352200,284700,67500,630400,67104730000,9430.0,0.0,
2391,厚型,,Hi-SC105-1000-厚型-150-6,SC,1000,150,105,60,0,0,40000,0,0,0,0,0,false,0,0,0,0,0,0,6,325,205000,0,SKK490,400600,381800,18700,477800,46846780000,1172.0,1756.0,2982.0,1171.0,1761.0,1.082,397400,381800,15600,461800,44840410000,2505.0,0.0,
2392,厚型,,Hi-SC105-1000-厚型-150-7,SC,1000,150,105,60,0,0,40000,0,0,0,0,0,false,0,0,0,0,0,0,7,325,205000,0,SKK490,400600,378700,21800,490600,48404060000,1351.0,2023.0,3439.0,1364.0,2052.0,1.099,397400,378700,18700,474500,46397760000,2970.0,0.0,
2393,厚型,,Hi-SC105-1000-厚型-150-8,SC,1000,150,105,60,0,0,40000,0,0,0,0,0,false,0,0,0,0,0,0,8,325,205000,0,SKK490,400600,375600,24900,503400,49951800000,1527.0,2287.0,3889.0,1558.0,2343.0,1.115,397400,375600,21800,487300,47945580000,3425.0,0.0,
2394,厚型,,Hi-SC105-1000-厚型-150-9,SC,1000,150,105,60,0,0,40000,0,0,0,0,0,false,0,0,0,0,0,0,9,325,205000,0,SKK490,400600,372500,28000,516100,51490030000,1700.0,2547.0,4332.0,1751.0,2633.0,1.132,397400,372500,24900,500100,49483910000,3873.0,0.0,
2395,厚型,,Hi-SC105-1000-厚型-150-10,SC,1000,150,105,60,0,0,40000,0,0,0,0,0,false,0,0,0,0,0,0,10,325,205000,0,SKK490,400600,369500,31100,528800,53018790000,1872.0,2804.0,4767.0,1943.0,2923.0,1.149,397400,369500,28000,512800,51012780000,4313.0,0.0,
2396,厚型,,Hi-SC105-1000-厚型-150-11,SC,1000,150,105,60,0,0,40000,0,0,0,0,0,false,0,0,0,0,0,0,11,325,205000,0,SKK490,400600,366400,34200,541500,54538090000,2042.0,3059.0,5197.0,2136.0,3212.0,1.165,397400,366400,31000,525400,52532200000,4747.0,0.0,
2397,厚型,,Hi-SC105-1000-厚型-150-12,SC,1000,150,105,60,0,0,40000,0,0,0,0,0,false,0,0,0,0,0,0,12,325,205000,0,SKK490,400600,363300,37200,554200,56047960000,2211.0,3311.0,5620.0,2327.0,3501.0,1.182,397400,363300,34100,538100,54042210000,5175.0,0.0,
2398,厚型,,Hi-SC105-1000-厚型-150-13,SC,1000,150,105,60,0,0,40000,0,0,0,0,0,false,0,0,0,0,0,0,13,325,205000,0,SKK490,400600,360200,40300,566800,57548440000,2378.0,3561.0,6037.0,2519.0,3789.0,1.198,397400,360200,37200,550700,55542830000,5596.0,0.0,
2399,厚型,,Hi-SC105-1000-厚型-150-14,SC,1000,150,105,60,0,0,40000,0,0,0,0,0,false,0,0,0,0,0,0,14,325,205000,0,SKK490,400600,357200,43400,579400,59039540000,2543.0,3809.0,6448.0,2710.0,4076.0,1.215,397400,357200,40200,563400,57034080000,6011.0,0.0,
2400,厚型,,Hi-SC105-1000-厚型-150-15,SC,1000,150,105,60,0,0,40000,0,0,0,0,0,false,0,0,0,0,0,0,15,325,205000,0,SKK490,400600,354100,46400,592000,60521300000,2707.0,4055.0,6853.0,2901.0,4363.0,1.231,397400,354100,43300,575900,58516010000,6420.0,0.0,
2401,厚型,,Hi-SC105-1000-厚型-150-16,SC,1000,150,105,60,0,0,40000,0,0,0,0,0,false,0,0,0,0,0,0,16,325,205000,0,SKK490,400600,351100,49500,604600,61993740000,2870.0,4299.0,7253.0,3091.0,4649.0,1.248,397400,351100,46300,588500,59988620000,6824.0,0.0,
2402,厚型,,Hi-SC105-1000-厚型-150-17,SC,1000,150,105,60,0,0,40000,0,0,0,0,0,false,0,0,0,0,0,0,17,325,205000,0,SKK490,400600,348100,52500,617100,63456880000,3032.0,4542.0,7647.0,3281.0,4934.0,1.264,397400,348100,49400,601000,61451950000,7222.0,0.0,
2403,厚型,,Hi-SC105-1000-厚型-150-18,SC,1000,150,105,60,0,0,40000,0,0,0,0,0,false,0,0,0,0,0,0,18,325,205000,0,SKK490,400600,345000,55500,629600,64910750000,3193.0,4782.0,8035.0,3470.0,5219.0,1.281,397400,345000,52400,613500,62906030000,7614.0,0.0,
2404,厚型,,Hi-SC105-1000-厚型-150-19,SC,1000,150,105,60,0,0,40000,0,0,0,0,0,false,0,0,0,0,0,0,19,325,205000,0,SKK490,400600,342000,58600,642100,66355380000,3353.0,5021.0,8418.0,3659.0,5504.0,1.297,397400,342000,55400,626000,64350870000,8000.0,0.0,
2405,厚型,,Hi-SC105-1000-厚型-150-20,SC,1000,150,105,60,0,0,40000,0,0,0,0,0,false,0,0,0,0,0,0,20,325,205000,0,SKK490,400600,339000,61600,654600,67790800000,3511.0,5259.0,8796.0,3848.0,5788.0,1.313,397400,339000,58400,638500,65786510000,8381.0,0.0,
2406,厚型,,Hi-SC105-1000-厚型-150-21,SC,1000,150,105,60,0,0,40000,0,0,0,0,0,false,0,0,0,0,0,0,21,325,205000,0,SKK490,400600,336000,64600,667000,69217030000,3669.0,5495.0,9169.0,4036.0,6071.0,1.329,397400,336000,61400,650900,67212980000,8757.0,0.0,
2407,厚型,,Hi-SC105-1000-厚型-150-22,SC,1000,150,105,60,0,0,40000,0,0,0,0,0,false,0,0,0,0,0,0,22,325,205000,0,SKK490,400600,333000,67600,679400,70634090000,3826.0,5730.0,9537.0,4224.0,6353.0,1.346,397400,333000,64500,663300,68630290000,9128.0,0.0,
2408,厚型,,Hi-SC105-1000-厚型-150-23,SC,1000,150,105,60,0,0,40000,0,0,0,0,0,false,0,0,0,0,0,0,23,325,205000,0,SKK490,400600,330000,70600,691800,72042020000,3981.0,5963.0,9899.0,4412.0,6635.0,1.362,397400,330000,67500,675700,70038480000,9494.0,0.0,
2409,厚型,,Hi-SC105-1000-厚型-150-24,SC,1000,150,105,60,0,0,40000,0,0,0,0,0,false,0,0,0,0,0,0,24,325,205000,0,SKK490,400600,327000,73600,704100,73440840000,4136.0,6195.0,10257.0,4599.0,6917.0,1.378,397400,327000,70500,688000,71437560000,9855.0,0.0,
2410,厚型,,Hi-SC105-1000-厚型-150-25,SC,1000,150,105,60,0,0,40000,0,0,0,0,0,false,0,0,0,0,0,0,25,325,205000,0,SKK490,400600,324000,76600,716400,74830570000,4290.0,6426.0,10611.0,4786.0,7198.0,1.394,397400,324000,73400,700300,72827580000,10211.0,0.0,
2411,特厚型,,Hi-SC105-1000-特厚型-170-6,SC,1000,170,105,60,0,0,40000,0,0,0,0,0,false,0,0,0,0,0,0,6,325,205000,0,SKK490,443300,424500,18700,520600,49318460000,1171.0,1755.0,2982.0,1171.0,1761.0,1.187,440100,424500,15600,504500,47312090000,2505.0,0.0,
2412,特厚型,,Hi-SC105-1000-特厚型-170-7,SC,1000,170,105,60,0,0,40000,0,0,0,0,0,false,0,0,0,0,0,0,7,325,205000,0,SKK490,443300,421400,21800,533400,50875730000,1350.0,2022.0,3439.0,1364.0,2052.0,1.203,440100,421400,18700,517300,48869440000,2970.0,0.0,
2413,特厚型,,Hi-SC105-1000-特厚型-170-8,SC,1000,170,105,60,0,0,40000,0,0,0,0,0,false,0,0,0,0,0,0,8,325,205000,0,SKK490,443300,418300,24900,546100,52423470000,1526.0,2286.0,3889.0,1558.0,2343.0,1.22,440100,418300,21800,530000,50417260000,3425.0,0.0,
2414,特厚型,,Hi-SC105-1000-特厚型-170-9,SC,1000,170,105,60,0,0,40000,0,0,0,0,0,false,0,0,0,0,0,0,9,325,205000,0,SKK490,443300,415300,28000,558900,53961710000,1700.0,2547.0,4331.0,1751.0,2633.0,1.237,440100,415300,24900,542800,51955590000,3873.0,0.0,
2415,特厚型,,Hi-SC105-1000-特厚型-170-10,SC,1000,170,105,60,0,0,40000,0,0,0,0,0,false,0,0,0,0,0,0,10,325,205000,0,SKK490,443300,412200,31100,571600,55490460000,1872.0,2804.0,4767.0,1943.0,2923.0,1.253,440100,412200,28000,555500,53484450000,4313.0,0.0,
2416,特厚型,,Hi-SC105-1000-特厚型-170-11,SC,1000,170,105,60,0,0,40000,0,0,0,0,0,false,0,0,0,0,0,0,11,325,205000,0,SKK490,443300,409100,34200,584300,57009770000,2043.0,3060.0,5196.0,2136.0,3212.0,1.27,440100,409100,31000,568200,55003880000,4747.0,0.0,
2417,特厚型,,Hi-SC105-1000-特厚型-170-12,SC,1000,170,105,60,0,0,40000,0,0,0,0,0,false,0,0,0,0,0,0,12,325,205000,0,SKK490,443300,406000,37200,596900,58519640000,2211.0,3312.0,5619.0,2327.0,3501.0,1.287,440100,406000,34100,580800,56513880000,5174.0,0.0,
2418,特厚型,,Hi-SC105-1000-特厚型-170-13,SC,1000,170,105,60,0,0,40000,0,0,0,0,0,false,0,0,0,0,0,0,13,325,205000,0,SKK490,443300,403000,40300,609600,60020120000,2379.0,3563.0,6037.0,2519.0,3789.0,1.303,440100,403000,37200,593500,58014500000,5596.0,0.0,
2419,特厚型,,Hi-SC105-1000-特厚型-170-14,SC,1000,170,105,60,0,0,40000,0,0,0,0,0,false,0,0,0,0,0,0,14,325,205000,0,SKK490,443300,399900,43400,622200,61511220000,2544.0,3811.0,6449.0,2710.0,4076.0,1.32,440100,399900,40200,606100,59505760000,6011.0,0.0,
2420,特厚型,,Hi-SC105-1000-特厚型-170-15,SC,1000,170,105,60,0,0,40000,0,0,0,0,0,false,0,0,0,0,0,0,15,325,205000,0,SKK490,443300,396900,46400,634700,62992980000,2709.0,4057.0,6855.0,2901.0,4363.0,1.336,440100,396900,43300,618700,60987680000,6421.0,0.0,
2421,特厚型,,Hi-SC105-1000-特厚型-170-16,SC,1000,170,105,60,0,0,40000,0,0,0,0,0,false,0,0,0,0,0,0,16,325,205000,0,SKK490,443300,393800,49500,647300,64465410000,2872.0,4302.0,7257.0,3091.0,4649.0,1.352,440100,393800,46300,631200,62460300000,6826.0,0.0,
2422,特厚型,,Hi-SC105-1000-特厚型-170-17,SC,1000,170,105,60,0,0,40000,0,0,0,0,0,false,0,0,0,0,0,0,17,325,205000,0,SKK490,443300,390800,52500,659800,65928560000,3034.0,4544.0,7653.0,3281.0,4934.0,1.369,440100,390800,49400,643800,63923630000,7226.0,0.0,
2423,特厚型,,Hi-SC105-1000-特厚型-170-18,SC,1000,170,105,60,0,0,40000,0,0,0,0,0,false,0,0,0,0,0,0,18,325,205000,0,SKK490,443300,387700,55500,672300,67382430000,3195.0,4786.0,8045.0,3470.0,5219.0,1.385,440100,387700,52400,656300,65377700000,7621.0,0.0,
2424,特厚型,,Hi-SC105-1000-特厚型-170-19,SC,1000,170,105,60,0,0,40000,0,0,0,0,0,false,0,0,0,0,0,0,19,325,205000,0,SKK490,443300,384700,58600,684800,68827060000,3355.0,5025.0,8431.0,3659.0,5504.0,1.402,440100,384700,55400,668700,66822550000,8010.0,0.0,
2425,特厚型,,Hi-SC105-1000-特厚型-170-20,SC,1000,170,105,60,0,0,40000,0,0,0,0,0,false,0,0,0,0,0,0,20,325,205000,0,SKK490,443300,381700,61600,697300,70262480000,3514.0,5263.0,8813.0,3848.0,5788.0,1.418,440100,381700,58400,681200,68258190000,8395.0,0.0,
2426,特厚型,,Hi-SC105-1000-特厚型-170-21,SC,1000,170,105,60,0,0,40000,0,0,0,0,0,false,0,0,0,0,0,0,21,325,205000,0,SKK490,443300,378700,64600,709700,71688700000,3672.0,5500.0,9190.0,4036.0,6071.0,1.434,440100,378700,61400,693600,69684650000,8775.0,0.0,
2427,特厚型,,Hi-SC105-1000-特厚型-170-22,SC,1000,170,105,60,0,0,40000,0,0,0,0,0,false,0,0,0,0,0,0,22,325,205000,0,SKK490,443300,375700,67600,722100,73105770000,3829.0,5735.0,9563.0,4224.0,6353.0,1.45,440100,375700,64500,706000,71101970000,9151.0,0.0,
2428,特厚型,,Hi-SC105-1000-特厚型-170-23,SC,1000,170,105,60,0,0,40000,0,0,0,0,0,false,0,0,0,0,0,0,23,325,205000,0,SKK490,443300,372700,70600,734500,74513700000,3985.0,5968.0,9931.0,4412.0,6635.0,1.467,440100,372700,67500,718400,72510150000,9521.0,0.0,
2429,特厚型,,Hi-SC105-1000-特厚型-170-24,SC,1000,170,105,60,0,0,40000,0,0,0,0,0,false,0,0,0,0,0,0,24,325,205000,0,SKK490,443300,369700,73600,746800,75912510000,4140.0,6201.0,10295.0,4599.0,6917.0,1.483,440100,369700,70500,730700,73909240000,9888.0,0.0,
2430,特厚型,,Hi-SC105-1000-特厚型-170-25,SC,1000,170,105,60,0,0,40000,0,0,0,0,0,false,0,0,0,0,0,0,25,325,205000,0,SKK490,443300,366700,76600,759200,77302250000,4294.0,6432.0,10654.0,4786.0,7198.0,1.499,440100,366700,73400,743100,75299260000,10250.0,0.0,
2431,標準型,,Hi-SC105-1100-標準型-140-9,SC,1100,140,105,60,0,0,40000,0,0,0,0,0,false,0,0,0,0,0,0,9,325,205000,0,SKK490,422200,391400,30800,549500,68607170000,2072.0,3104.0,5285.0,1927.0,2899.0,1.2,418800,391400,27400,531800,65936200000,4725.0,0.0,
2432,標準型,,Hi-SC105-1100-標準型-140-10,SC,1100,140,105,60,0,0,40000,0,0,0,0,0,false,0,0,0,0,0,0,10,325,205000,0,SKK490,422200,388000,34200,563500,70652840000,2282.0,3417.0,5819.0,2140.0,3218.0,1.219,418800,388000,30800,545800,67981990000,5265.0,0.0,
2433,標準型,,Hi-SC105-1100-標準型-140-11,SC,1100,140,105,60,0,0,40000,0,0,0,0,0,false,0,0,0,0,0,0,11,325,205000,0,SKK490,422200,384600,37600,577500,72687040000,2489.0,3727.0,6345.0,2352.0,3537.0,1.237,418800,384600,34200,559800,70016320000,5797.0,0.0,
2434,標準型,,Hi-SC105-1100-標準型-140-12,SC,1100,140,105,60,0,0,40000,0,0,0,0,0,false,0,0,0,0,0,0,12,325,205000,0,SKK490,422200,381200,41000,591400,74709800000,2694.0,4035.0,6863.0,2563.0,3855.0,1.255,418800,381200,37600,573700,72039230000,6321.0,0.0,
2435,標準型,,Hi-SC105-1100-標準型-140-13,SC,1100,140,105,60,0,0,40000,0,0,0,0,0,false,0,0,0,0,0,0,13,325,205000,0,SKK490,422200,377800,44400,605400,76721160000,2897.0,4339.0,7374.0,2774.0,4173.0,1.274,418800,377800,40900,587700,74050740000,6837.0,0.0,
2436,標準型,,Hi-SC105-1100-標準型-140-14,SC,1100,140,105,60,0,0,40000,0,0,0,0,0,false,0,0,0,0,0,0,14,325,205000,0,SKK490,422200,374500,47800,619300,78721130000,3099.0,4641.0,7876.0,2985.0,4489.0,1.292,418800,374500,44300,601600,76050880000,7345.0,0.0,
2437,標準型,,Hi-SC105-1100-標準型-140-15,SC,1100,140,105,60,0,0,40000,0,0,0,0,0,false,0,0,0,0,0,0,15,325,205000,0,SKK490,422200,371100,51100,633100,80709760000,3299.0,4941.0,8371.0,3195.0,4806.0,1.31,418800,371100,47700,615400,78039690000,7846.0,0.0,
2438,標準型,,Hi-SC105-1100-標準型-140-16,SC,1100,140,105,60,0,0,40000,0,0,0,0,0,false,0,0,0,0,0,0,16,325,205000,0,SKK490,422200,367700,54500,647000,82687060000,3498.0,5239.0,8859.0,3405.0,5121.0,1.328,418800,367700,51000,629300,80017190000,8338.0,0.0,
2439,標準型,,Hi-SC105-1100-標準型-140-17,SC,1100,140,105,60,0,0,40000,0,0,0,0,0,false,0,0,0,0,0,0,17,325,205000,0,SKK490,422200,364400,57800,660800,84653070000,3695.0,5534.0,9339.0,3614.0,5436.0,1.346,418800,364400,54400,643100,81983410000,8823.0,0.0,
2440,標準型,,Hi-SC105-1100-標準型-140-18,SC,1100,140,105,60,0,0,40000,0,0,0,0,0,false,0,0,0,0,0,0,18,325,205000,0,SKK490,422200,361000,61200,674600,86607820000,3891.0,5828.0,9811.0,3824.0,5751.0,1.364,418800,361000,57700,656900,83938380000,9301.0,0.0,
2441,標準型,,Hi-SC105-1100-標準型-140-19,SC,1100,140,105,60,0,0,40000,0,0,0,0,0,false,0,0,0,0,0,0,19,325,205000,0,SKK490,422200,357700,64500,688400,88551330000,4086.0,6119.0,10277.0,4032.0,6065.0,1.382,418800,357700,61100,670700,85882130000,9772.0,0.0,
2442,標準型,,Hi-SC105-1100-標準型-140-20,SC,1100,140,105,60,0,0,40000,0,0,0,0,0,false,0,0,0,0,0,0,20,325,205000,0,SKK490,422200,354400,67900,702100,90483640000,4279.0,6409.0,10736.0,4241.0,6378.0,1.4,418800,354400,64400,684500,87814680000,10235.0,0.0,
2443,標準型,,Hi-SC105-1100-標準型-140-21,SC,1100,140,105,60,0,0,40000,0,0,0,0,0,false,0,0,0,0,0,0,21,325,205000,0,SKK490,422200,351000,71200,715900,92404770000,4472.0,6697.0,11188.0,4449.0,6691.0,1.418,418800,351000,67700,698200,89736070000,10692.0,0.0,
2444,標準型,,Hi-SC105-1100-標準型-140-22,SC,1100,140,105,60,0,0,40000,0,0,0,0,0,false,0,0,0,0,0,0,22,325,205000,0,SKK490,422200,347700,74500,729600,94314750000,4663.0,6984.0,11634.0,4656.0,7003.0,1.436,418800,347700,71100,711900,91646330000,11142.0,0.0,
2445,標準型,,Hi-SC105-1100-標準型-140-23,SC,1100,140,105,60,0,0,40000,0,0,0,0,0,false,0,0,0,0,0,0,23,325,205000,0,SKK490,422200,344400,77800,743200,96213610000,4853.0,7269.0,12074.0,4863.0,7315.0,1.454,418800,344400,74400,725500,93545480000,11585.0,0.0,
2446,標準型,,Hi-SC105-1100-標準型-140-24,SC,1100,140,105,60,0,0,40000,0,0,0,0,0,false,0,0,0,0,0,0,24,325,205000,0,SKK490,422200,341100,81100,756900,98101380000,5042.0,7552.0,12508.0,5070.0,7626.0,1.472,418800,341100,77700,739200,95433550000,12023.0,0.0,
2447,標準型,,Hi-SC105-1100-標準型-140-25,SC,1100,140,105,60,0,0,40000,0,0,0,0,0,false,0,0,0,0,0,0,25,325,205000,0,SKK490,422200,337800,84400,770500,99978100000,5231.0,7834.0,12936.0,5276.0,7936.0,1.49,418800,337800,81000,752800,97310570000,12454.0,0.0,
2448,厚型,,Hi-SC105-1100-厚型-160-9,SC,1100,160,105,60,0,0,40000,0,0,0,0,0,false,0,0,0,0,0,0,9,325,205000,0,SKK490,472500,441600,30800,599700,72630920000,2074.0,3107.0,5284.0,1927.0,2899.0,1.324,469000,441600,27400,582000,69959950000,4724.0,0.0,
2449,厚型,,Hi-SC105-1100-厚型-160-10,SC,1100,160,105,60,0,0,40000,0,0,0,0,0,false,0,0,0,0,0,0,10,325,205000,0,SKK490,472500,438300,34200,613700,74676590000,2284.0,3421.0,5819.0,2140.0,3218.0,1.342,469000,438300,30800,596100,72005740000,5264.0,0.0,
2450,厚型,,Hi-SC105-1100-厚型-160-11,SC,1100,160,105,60,0,0,40000,0,0,0,0,0,false,0,0,0,0,0,0,11,325,205000,0,SKK490,472500,434900,37600,627700,76710790000,2492.0,3732.0,6346.0,2352.0,3537.0,1.36,469000,434900,34200,610000,74040070000,5797.0,0.0,
2451,厚型,,Hi-SC105-1100-厚型-160-12,SC,1100,160,105,60,0,0,40000,0,0,0,0,0,false,0,0,0,0,0,0,12,325,205000,0,SKK490,472500,431500,41000,641700,78733550000,2698.0,4040.0,6865.0,2563.0,3855.0,1.378,469000,431500,37600,624000,76062980000,6321.0,0.0,
2452,厚型,,Hi-SC105-1100-厚型-160-13,SC,1100,160,105,60,0,0,40000,0,0,0,0,0,false,0,0,0,0,0,0,13,325,205000,0,SKK490,472500,428100,44400,655600,80744910000,2902.0,4346.0,7378.0,2774.0,4173.0,1.397,469000,428100,40900,637900,78074490000,6839.0,0.0,
2453,厚型,,Hi-SC105-1100-厚型-160-14,SC,1100,160,105,60,0,0,40000,0,0,0,0,0,false,0,0,0,0,0,0,14,325,205000,0,SKK490,472500,424700,47800,669500,82744880000,3104.0,4649.0,7884.0,2985.0,4489.0,1.415,469000,424700,44300,651800,80074630000,7350.0,0.0,
2454,厚型,,Hi-SC105-1100-厚型-160-15,SC,1100,160,105,60,0,0,40000,0,0,0,0,0,false,0,0,0,0,0,0,15,325,205000,0,SKK490,472500,421400,51100,683400,84733510000,3304.0,4949.0,8383.0,3195.0,4806.0,1.433,469000,421400,47700,665700,82063440000,7854.0,0.0,
2455,厚型,,Hi-SC105-1100-厚型-160-16,SC,1100,160,105,60,0,0,40000,0,0,0,0,0,false,0,0,0,0,0,0,16,325,205000,0,SKK490,472500,418000,54500,697300,86710810000,3504.0,5248.0,8876.0,3405.0,5121.0,1.451,469000,418000,51000,679600,84040940000,8351.0,0.0,
2456,厚型,,Hi-SC105-1100-厚型-160-17,SC,1100,160,105,60,0,0,40000,0,0,0,0,0,false,0,0,0,0,0,0,17,325,205000,0,SKK490,472500,414700,57800,711100,88676820000,3702.0,5544.0,9362.0,3614.0,5436.0,1.469,469000,414700,54400,693400,86007160000,8841.0,0.0,
2457,厚型,,Hi-SC105-1100-厚型-160-18,SC,1100,160,105,60,0,0,40000,0,0,0,0,0,false,0,0,0,0,0,0,18,325,205000,0,SKK490,472500,411300,61200,724900,90631560000,3898.0,5838.0,9841.0,3824.0,5751.0,1.487,469000,411300,57700,707200,87962130000,9325.0,0.0,
2458,厚型,,Hi-SC105-1100-厚型-160-19,SC,1100,160,105,60,0,0,40000,0,0,0,0,0,false,0,0,0,0,0,0,19,325,205000,0,SKK490,472500,408000,64500,738700,92575080000,4093.0,6131.0,10315.0,4032.0,6065.0,1.505,469000,408000,61100,721000,89905870000,9803.0,0.0,
2459,厚型,,Hi-SC105-1100-厚型-160-20,SC,1100,160,105,60,0,0,40000,0,0,0,0,0,false,0,0,0,0,0,0,20,325,205000,0,SKK490,472500,404600,67900,752400,94507380000,4287.0,6422.0,10782.0,4241.0,6378.0,1.523,469000,404600,64400,734700,91838430000,10274.0,0.0,
2460,厚型,,Hi-SC105-1100-厚型-160-21,SC,1100,160,105,60,0,0,40000,0,0,0,0,0,false,0,0,0,0,0,0,21,325,205000,0,SKK490,472500,401300,71200,766100,96428510000,4480.0,6710.0,11243.0,4449.0,6691.0,1.541,469000,401300,67700,748400,93759820000,10739.0,0.0,
2461,厚型,,Hi-SC105-1100-厚型-160-22,SC,1100,160,105,60,0,0,40000,0,0,0,0,0,false,0,0,0,0,0,0,22,325,205000,0,SKK490,472500,398000,74500,779800,98338500000,4672.0,6998.0,11698.0,4656.0,7003.0,1.559,469000,398000,71100,762100,95670080000,11198.0,0.0,
2462,厚型,,Hi-SC105-1100-厚型-160-23,SC,1100,160,105,60,0,0,40000,0,0,0,0,0,false,0,0,0,0,0,0,23,325,205000,0,SKK490,472500,394700,77800,793500,100237360000,4863.0,7283.0,12148.0,4863.0,7315.0,1.577,469000,394700,74400,775800,97569230000,11651.0,0.0,
2463,厚型,,Hi-SC105-1100-厚型-160-24,SC,1100,160,105,60,0,0,40000,0,0,0,0,0,false,0,0,0,0,0,0,24,325,205000,0,SKK490,472500,391400,81100,807100,102125130000,5053.0,7567.0,12592.0,5070.0,7626.0,1.595,469000,391400,77700,789500,99457300000,12098.0,0.0,
2464,厚型,,Hi-SC105-1100-厚型-160-25,SC,1100,160,105,60,0,0,40000,0,0,0,0,0,false,0,0,0,0,0,0,25,325,205000,0,SKK490,472500,388100,84400,820800,104001850000,5241.0,7850.0,13030.0,5276.0,7936.0,1.613,469000,388100,81000,803100,101334320000,12540.0,0.0,
2465,特厚型,,Hi-SC105-1100-特厚型-180-9,SC,1100,180,105,60,0,0,40000,0,0,0,0,0,false,0,0,0,0,0,0,9,325,205000,0,SKK490,520200,489400,30800,647500,76081020000,2074.0,3107.0,5284.0,1927.0,2899.0,1.44,516800,489400,27400,629800,73410050000,4724.0,0.0,
2466,特厚型,,Hi-SC105-1100-特厚型-180-10,SC,1100,180,105,60,0,0,40000,0,0,0,0,0,false,0,0,0,0,0,0,10,325,205000,0,SKK490,520200,486000,34200,661500,78126680000,2284.0,3422.0,5818.0,2140.0,3218.0,1.459,516800,486000,30800,643800,75455830000,5264.0,0.0,
2467,特厚型,,Hi-SC105-1100-特厚型-180-11,SC,1100,180,105,60,0,0,40000,0,0,0,0,0,false,0,0,0,0,0,0,11,325,205000,0,SKK490,520200,482600,37600,675500,80160880000,2492.0,3733.0,6345.0,2352.0,3537.0,1.477,516800,482600,34200,657800,77490160000,5796.0,0.0,
2468,特厚型,,Hi-SC105-1100-特厚型-180-12,SC,1100,180,105,60,0,0,40000,0,0,0,0,0,false,0,0,0,0,0,0,12,325,205000,0,SKK490,520200,479200,41000,689400,82183650000,2699.0,4042.0,6865.0,2563.0,3855.0,1.495,516800,479200,37600,671700,79513070000,6321.0,0.0,
2469,特厚型,,Hi-SC105-1100-特厚型-180-13,SC,1100,180,105,60,0,0,40000,0,0,0,0,0,false,0,0,0,0,0,0,13,325,205000,0,SKK490,520200,475900,44400,703400,84195000000,2903.0,4348.0,7378.0,2774.0,4173.0,1.514,516800,475900,40900,685700,81524580000,6838.0,0.0,
2470,特厚型,,Hi-SC105-1100-特厚型-180-14,SC,1100,180,105,60,0,0,40000,0,0,0,0,0,false,0,0,0,0,0,0,14,325,205000,0,SKK490,520200,472500,47800,717300,86194980000,3105.0,4651.0,7884.0,2985.0,4489.0,1.532,516800,472500,44300,699600,83524730000,7350.0,0.0,
2471,特厚型,,Hi-SC105-1100-特厚型-180-15,SC,1100,180,105,60,0,0,40000,0,0,0,0,0,false,0,0,0,0,0,0,15,325,205000,0,SKK490,520200,469100,51100,731200,88183600000,3306.0,4952.0,8385.0,3195.0,4806.0,1.55,516800,469100,47700,713500,85513530000,7854.0,0.0,
2472,特厚型,,Hi-SC105-1100-特厚型-180-16,SC,1100,180,105,60,0,0,40000,0,0,0,0,0,false,0,0,0,0,0,0,16,325,205000,0,SKK490,520200,465800,54500,745000,90160900000,3506.0,5251.0,8879.0,3405.0,5121.0,1.568,516800,465800,51000,727300,87491030000,8353.0,0.0,
2473,特厚型,,Hi-SC105-1100-特厚型-180-17,SC,1100,180,105,60,0,0,40000,0,0,0,0,0,false,0,0,0,0,0,0,17,325,205000,0,SKK490,520200,462400,57800,758800,92126910000,3704.0,5548.0,9368.0,3614.0,5436.0,1.586,516800,462400,54400,741100,89457250000,8845.0,0.0,
2474,特厚型,,Hi-SC105-1100-特厚型-180-18,SC,1100,180,105,60,0,0,40000,0,0,0,0,0,false,0,0,0,0,0,0,18,325,205000,0,SKK490,520200,459100,61200,772600,94081660000,3901.0,5843.0,9851.0,3824.0,5751.0,1.604,516800,459100,57700,754900,91412220000,9332.0,0.0,
2475,特厚型,,Hi-SC105-1100-特厚型-180-19,SC,1100,180,105,60,0,0,40000,0,0,0,0,0,false,0,0,0,0,0,0,19,325,205000,0,SKK490,520200,455700,64500,786400,96025170000,4097.0,6136.0,10328.0,4032.0,6065.0,1.622,516800,455700,61100,768700,93355970000,9813.0,0.0,
2476,特厚型,,Hi-SC105-1100-特厚型-180-20,SC,1100,180,105,60,0,0,40000,0,0,0,0,0,false,0,0,0,0,0,0,20,325,205000,0,SKK490,520200,452400,67900,800200,97957480000,4291.0,6427.0,10799.0,4241.0,6378.0,1.64,516800,452400,64400,782500,95288520000,10288.0,0.0,
2477,特厚型,,Hi-SC105-1100-特厚型-180-21,SC,1100,180,105,60,0,0,40000,0,0,0,0,0,false,0,0,0,0,0,0,21,325,205000,0,SKK490,520200,449100,71200,813900,99878610000,4484.0,6717.0,11265.0,4449.0,6691.0,1.658,516800,449100,67700,796200,97209910000,10757.0,0.0,
2478,特厚型,,Hi-SC105-1100-特厚型-180-22,SC,1100,180,105,60,0,0,40000,0,0,0,0,0,false,0,0,0,0,0,0,22,325,205000,0,SKK490,520200,445700,74500,827600,101788590000,4677.0,7004.0,11726.0,4656.0,7003.0,1.676,516800,445700,71100,809900,99120170000,11221.0,0.0,
2479,特厚型,,Hi-SC105-1100-特厚型-180-23,SC,1100,180,105,60,0,0,40000,0,0,0,0,0,false,0,0,0,0,0,0,23,325,205000,0,SKK490,520200,442400,77800,841300,103687450000,4868.0,7290.0,12181.0,4863.0,7315.0,1.694,516800,442400,74400,823600,101019320000,11680.0,0.0,
2480,特厚型,,Hi-SC105-1100-特厚型-180-24,SC,1100,180,105,60,0,0,40000,0,0,0,0,0,false,0,0,0,0,0,0,24,325,205000,0,SKK490,520200,439100,81100,854900,105575230000,5058.0,7575.0,12631.0,5070.0,7626.0,1.712,516800,439100,77700,837200,102907390000,12133.0,0.0,
2481,特厚型,,Hi-SC105-1100-特厚型-180-25,SC,1100,180,105,60,0,0,40000,0,0,0,0,0,false,0,0,0,0,0,0,25,325,205000,0,SKK490,520200,435800,84400,868500,107451940000,5247.0,7858.0,13076.0,5276.0,7936.0,1.73,516800,435800,81000,850800,104784420000,12581.0,0.0,
2482,標準型,,Hi-SC105-1200-標準型-150-9,SC,1200,150,105,60,0,0,40000,0,0,0,0,0,false,0,0,0,0,0,0,9,325,205000,0,SKK490,494800,461100,33700,633700,94210790000,2484.0,3721.0,6335.0,2104.0,3165.0,1.393,491000,461100,29900,614400,90742260000,5662.0,0.0,
2483,標準型,,Hi-SC105-1200-標準型-150-10,SC,1200,150,105,60,0,0,40000,0,0,0,0,0,false,0,0,0,0,0,0,10,325,205000,0,SKK490,494800,457400,37400,649000,96878440000,2735.0,4097.0,6978.0,2336.0,3514.0,1.413,491000,457400,33600,629700,93410030000,6313.0,0.0,
2484,標準型,,Hi-SC105-1200-標準型-150-11,SC,1200,150,105,60,0,0,40000,0,0,0,0,0,false,0,0,0,0,0,0,11,325,205000,0,SKK490,494800,453700,41100,664300,99532410000,2984.0,4469.0,7612.0,2568.0,3862.0,1.433,491000,453700,37300,645000,96064140000,6954.0,0.0,
2485,標準型,,Hi-SC105-1200-標準型-150-12,SC,1200,150,105,60,0,0,40000,0,0,0,0,0,false,0,0,0,0,0,0,12,325,205000,0,SKK490,494800,450000,44800,679500,102172730000,3230.0,4838.0,8238.0,2799.0,4209.0,1.453,491000,450000,41000,660200,98704630000,7586.0,0.0,
2486,標準型,,Hi-SC105-1200-標準型-150-13,SC,1200,150,105,60,0,0,40000,0,0,0,0,0,false,0,0,0,0,0,0,13,325,205000,0,SKK490,494800,446300,48500,694800,104799440000,3474.0,5204.0,8854.0,3029.0,4556.0,1.473,491000,446300,44700,675500,101331510000,8209.0,0.0,
2487,標準型,,Hi-SC105-1200-標準型-150-14,SC,1200,150,105,60,0,0,40000,0,0,0,0,0,false,0,0,0,0,0,0,14,325,205000,0,SKK490,494800,442600,52200,710000,107412580000,3716.0,5566.0,9462.0,3260.0,4903.0,1.493,491000,442600,48400,690700,103944830000,8823.0,0.0,
2488,標準型,,Hi-SC105-1200-標準型-150-15,SC,1200,150,105,60,0,0,40000,0,0,0,0,0,false,0,0,0,0,0,0,15,325,205000,0,SKK490,494800,439000,55800,725100,110012160000,3957.0,5926.0,10061.0,3490.0,5249.0,1.513,491000,439000,52100,705800,106544620000,9428.0,0.0,
2489,標準型,,Hi-SC105-1200-標準型-150-16,SC,1200,150,105,60,0,0,40000,0,0,0,0,0,false,0,0,0,0,0,0,16,325,205000,0,SKK490,494800,435300,59500,740300,112598230000,4195.0,6284.0,10652.0,3719.0,5594.0,1.533,491000,435300,55700,721000,109130900000,10025.0,0.0,
2490,標準型,,Hi-SC105-1200-標準型-150-17,SC,1200,150,105,60,0,0,40000,0,0,0,0,0,false,0,0,0,0,0,0,17,325,205000,0,SKK490,494800,431600,63200,755400,115170820000,4432.0,6639.0,11234.0,3948.0,5938.0,1.553,491000,431600,59400,736100,111703710000,10613.0,0.0,
2491,標準型,,Hi-SC105-1200-標準型-150-18,SC,1200,150,105,60,0,0,40000,0,0,0,0,0,false,0,0,0,0,0,0,18,325,205000,0,SKK490,494800,428000,66800,770500,117729950000,4668.0,6991.0,11808.0,4177.0,6283.0,1.572,491000,428000,63100,751200,114263090000,11193.0,0.0,
2492,標準型,,Hi-SC105-1200-標準型-150-19,SC,1200,150,105,60,0,0,40000,0,0,0,0,0,false,0,0,0,0,0,0,19,325,205000,0,SKK490,494800,424300,70500,785600,120275650000,4902.0,7342.0,12374.0,4405.0,6626.0,1.592,491000,424300,66700,766300,116809050000,11765.0,0.0,
2493,標準型,,Hi-SC105-1200-標準型-150-20,SC,1200,150,105,60,0,0,40000,0,0,0,0,0,false,0,0,0,0,0,0,20,325,205000,0,SKK490,494800,420700,74100,800600,122807970000,5134.0,7690.0,12932.0,4633.0,6969.0,1.612,491000,420700,70400,781300,119341640000,12328.0,0.0,
2494,標準型,,Hi-SC105-1200-標準型-150-21,SC,1200,150,105,60,0,0,40000,0,0,0,0,0,false,0,0,0,0,0,0,21,325,205000,0,SKK490,494800,417000,77800,815700,125326930000,5366.0,8036.0,13482.0,4861.0,7311.0,1.631,491000,417000,74000,796300,121860890000,12883.0,0.0,
2495,標準型,,Hi-SC105-1200-標準型-150-22,SC,1200,150,105,60,0,0,40000,0,0,0,0,0,false,0,0,0,0,0,0,22,325,205000,0,SKK490,494800,413400,81400,830600,127832570000,5596.0,8381.0,14025.0,5088.0,7653.0,1.651,491000,413400,77700,811300,124366820000,13431.0,0.0,
2496,標準型,,Hi-SC105-1200-標準型-150-23,SC,1200,150,105,60,0,0,40000,0,0,0,0,0,false,0,0,0,0,0,0,23,325,205000,0,SKK490,494800,409800,85000,845600,130324900000,5824.0,8723.0,14561.0,5315.0,7994.0,1.671,491000,409800,81300,826300,126859470000,13971.0,0.0,
2497,標準型,,Hi-SC105-1200-標準型-150-24,SC,1200,150,105,60,0,0,40000,0,0,0,0,0,false,0,0,0,0,0,0,24,325,205000,0,SKK490,494800,406100,88700,860600,132803980000,6052.0,9064.0,15089.0,5541.0,8334.0,1.69,491000,406100,84900,841300,129338870000,14504.0,0.0,
2498,標準型,,Hi-SC105-1200-標準型-150-25,SC,1200,150,105,60,0,0,40000,0,0,0,0,0,false,0,0,0,0,0,0,25,325,205000,0,SKK490,494800,402500,92300,875500,135269820000,6278.0,9403.0,15611.0,5767.0,8674.0,1.71,491000,402500,88500,856200,131805050000,15031.0,0.0,
2499,厚型,,Hi-SC105-1200-厚型-170-9,SC,1200,170,105,60,0,0,40000,0,0,0,0,0,false,0,0,0,0,0,0,9,325,205000,0,SKK490,550100,516400,33700,689000,99565820000,2487.0,3724.0,6334.0,2104.0,3165.0,1.529,546300,516400,29900,669700,96097280000,5662.0,0.0,
2500,厚型,,Hi-SC105-1200-厚型-170-10,SC,1200,170,105,60,0,0,40000,0,0,0,0,0,false,0,0,0,0,0,0,10,325,205000,0,SKK490,550100,512700,37400,704300,102233460000,2738.0,4102.0,6977.0,2336.0,3514.0,1.549,546300,512700,33600,685000,98765060000,6312.0,0.0,
2501,厚型,,Hi-SC105-1200-厚型-170-11,SC,1200,170,105,60,0,0,40000,0,0,0,0,0,false,0,0,0,0,0,0,11,325,205000,0,SKK490,550100,509000,41100,719600,104887430000,2988.0,4475.0,7612.0,2568.0,3862.0,1.569,546300,509000,37300,700300,101419170000,6953.0,0.0,
2502,厚型,,Hi-SC105-1200-厚型-170-12,SC,1200,170,105,60,0,0,40000,0,0,0,0,0,false,0,0,0,0,0,0,12,325,205000,0,SKK490,550100,505300,44800,734800,107527760000,3235.0,4845.0,8239.0,2799.0,4209.0,1.589,546300,505300,41000,715500,104059660000,7585.0,0.0,
2503,厚型,,Hi-SC105-1200-厚型-170-13,SC,1200,170,105,60,0,0,40000,0,0,0,0,0,false,0,0,0,0,0,0,13,325,205000,0,SKK490,550100,501600,48500,750100,110154470000,3480.0,5211.0,8857.0,3029.0,4556.0,1.609,546300,501600,44700,730800,106686540000,8210.0,0.0,
2504,厚型,,Hi-SC105-1200-厚型-170-14,SC,1200,170,105,60,0,0,40000,0,0,0,0,0,false,0,0,0,0,0,0,14,325,205000,0,SKK490,550100,497900,52200,765300,112767610000,3722.0,5575.0,9468.0,3260.0,4903.0,1.629,546300,497900,48400,746000,109299860000,8826.0,0.0,
2505,厚型,,Hi-SC105-1200-厚型-170-15,SC,1200,170,105,60,0,0,40000,0,0,0,0,0,false,0,0,0,0,0,0,15,325,205000,0,SKK490,550100,494300,55800,780400,115367190000,3963.0,5936.0,10072.0,3490.0,5249.0,1.648,546300,494300,52100,761100,111899650000,9435.0,0.0,
2506,厚型,,Hi-SC105-1200-厚型-170-16,SC,1200,170,105,60,0,0,40000,0,0,0,0,0,false,0,0,0,0,0,0,16,325,205000,0,SKK490,550100,490600,59500,795600,117953260000,4203.0,6294.0,10667.0,3719.0,5594.0,1.668,546300,490600,55700,776300,114485930000,10036.0,0.0,
2507,厚型,,Hi-SC105-1200-厚型-170-17,SC,1200,170,105,60,0,0,40000,0,0,0,0,0,false,0,0,0,0,0,0,17,325,205000,0,SKK490,550100,486900,63200,810700,120525840000,4440.0,6650.0,11256.0,3948.0,5938.0,1.688,546300,486900,59400,791400,117058740000,10630.0,0.0,
2508,厚型,,Hi-SC105-1200-厚型-170-18,SC,1200,170,105,60,0,0,40000,0,0,0,0,0,false,0,0,0,0,0,0,18,325,205000,0,SKK490,550100,483300,66800,825800,123084970000,4676.0,7004.0,11837.0,4177.0,6283.0,1.708,546300,483300,63100,806500,119618120000,11216.0,0.0,
2509,厚型,,Hi-SC105-1200-厚型-170-19,SC,1200,170,105,60,0,0,40000,0,0,0,0,0,false,0,0,0,0,0,0,19,325,205000,0,SKK490,550100,479600,70500,840900,125630680000,4911.0,7355.0,12410.0,4405.0,6626.0,1.728,546300,479600,66700,821600,122164080000,11794.0,0.0,
2510,厚型,,Hi-SC105-1200-厚型-170-20,SC,1200,170,105,60,0,0,40000,0,0,0,0,0,false,0,0,0,0,0,0,20,325,205000,0,SKK490,550100,476000,74100,855900,128163000000,5144.0,7705.0,12977.0,4633.0,6969.0,1.747,546300,476000,70400,836600,124696670000,12366.0,0.0,
2511,厚型,,Hi-SC105-1200-厚型-170-21,SC,1200,170,105,60,0,0,40000,0,0,0,0,0,false,0,0,0,0,0,0,21,325,205000,0,SKK490,550100,472300,77800,870900,130681960000,5376.0,8052.0,13537.0,4861.0,7311.0,1.767,546300,472300,74000,851600,127215910000,12930.0,0.0,
2512,厚型,,Hi-SC105-1200-厚型-170-22,SC,1200,170,105,60,0,0,40000,0,0,0,0,0,false,0,0,0,0,0,0,22,325,205000,0,SKK490,550100,468700,81400,885900,133187600000,5607.0,8397.0,14090.0,5088.0,7653.0,1.786,546300,468700,77700,866600,129721850000,13487.0,0.0,
2513,厚型,,Hi-SC105-1200-厚型-170-23,SC,1200,170,105,60,0,0,40000,0,0,0,0,0,false,0,0,0,0,0,0,23,325,205000,0,SKK490,550100,465000,85000,900900,135679930000,5836.0,8741.0,14636.0,5315.0,7994.0,1.806,546300,465000,81300,881600,132214500000,14038.0,0.0,
2514,厚型,,Hi-SC105-1200-厚型-170-24,SC,1200,170,105,60,0,0,40000,0,0,0,0,0,false,0,0,0,0,0,0,24,325,205000,0,SKK490,550100,461400,88700,915800,138159010000,6064.0,9082.0,15175.0,5541.0,8334.0,1.826,546300,461400,84900,896500,134693900000,14582.0,0.0,
2515,厚型,,Hi-SC105-1200-厚型-170-25,SC,1200,170,105,60,0,0,40000,0,0,0,0,0,false,0,0,0,0,0,0,25,325,205000,0,SKK490,550100,457800,92300,930800,140624850000,6291.0,9422.0,15709.0,5767.0,8674.0,1.845,546300,457800,88500,911500,137160080000,15119.0,0.0,
2516,特厚型,,Hi-SC105-1200-特厚型-190-9,SC,1200,190,105,60,0,0,40000,0,0,0,0,0,false,0,0,0,0,0,0,9,325,205000,0,SKK490,602900,569200,33700,741800,104223540000,2487.0,3725.0,6334.0,2104.0,3165.0,1.658,599100,569200,29900,722500,100755010000,5662.0,0.0,誤植: カタログ印字 Ao=5911cm2 (正 Ac+As=5991cm2)
2517,特厚型,,Hi-SC105-1200-特厚型-190-10,SC,1200,190,105,60,0,0,40000,0,0,0,0,0,false,0,0,0,0,0,0,10,325,205000,0,SKK490,602900,565500,37400,757100,106891190000,2739.0,4102.0,6977.0,2336.0,3514.0,1.678,599100,565500,33600,737800,103422780000,6312.0,0.0,誤植: カタログ印字 Ao=5911cm2 (正 Ac+As=5991cm2)
2518,特厚型,,Hi-SC105-1200-特厚型-190-11,SC,1200,190,105,60,0,0,40000,0,0,0,0,0,false,0,0,0,0,0,0,11,325,205000,0,SKK490,602900,561800,41100,772400,109545160000,2989.0,4476.0,7611.0,2568.0,3862.0,1.698,599100,561800,37300,753100,106076890000,6953.0,0.0,誤植: カタログ印字 Ao=5911cm2 (正 Ac+As=5991cm2)
2519,特厚型,,Hi-SC105-1200-特厚型-190-12,SC,1200,190,105,60,0,0,40000,0,0,0,0,0,false,0,0,0,0,0,0,12,325,205000,0,SKK490,602900,558100,44800,787600,112185480000,3236.0,4847.0,8238.0,2799.0,4209.0,1.718,599100,558100,41000,768300,108717380000,7585.0,0.0,誤植: カタログ印字 Ao=5911cm2 (正 Ac+As=5991cm2)
2520,特厚型,,Hi-SC105-1200-特厚型-190-13,SC,1200,190,105,60,0,0,40000,0,0,0,0,0,false,0,0,0,0,0,0,13,325,205000,0,SKK490,602900,554400,48500,802800,114812190000,3481.0,5214.0,8857.0,3029.0,4556.0,1.738,599100,554400,44700,783500,111344260000,8209.0,0.0,誤植: カタログ印字 Ao=5911cm2 (正 Ac+As=5991cm2)
2521,特厚型,,Hi-SC105-1200-特厚型-190-14,SC,1200,190,105,60,0,0,40000,0,0,0,0,0,false,0,0,0,0,0,0,14,325,205000,0,SKK490,602900,550700,52200,818000,117425330000,3725.0,5579.0,9468.0,3260.0,4903.0,1.758,599100,550700,48400,798700,113957580000,8826.0,0.0,誤植: カタログ印字 Ao=5911cm2 (正 Ac+As=5991cm2)
2522,特厚型,,Hi-SC105-1200-特厚型-190-15,SC,1200,190,105,60,0,0,40000,0,0,0,0,0,false,0,0,0,0,0,0,15,325,205000,0,SKK490,602900,547000,55800,833200,120024910000,3966.0,5940.0,10073.0,3490.0,5249.0,1.778,599100,547000,52100,813900,116557370000,9435.0,0.0,誤植: カタログ印字 Ao=5911cm2 (正 Ac+As=5991cm2)
2523,特厚型,,Hi-SC105-1200-特厚型-190-16,SC,1200,190,105,60,0,0,40000,0,0,0,0,0,false,0,0,0,0,0,0,16,325,205000,0,SKK490,602900,543400,59500,848400,122610980000,4206.0,6299.0,10670.0,3719.0,5594.0,1.798,599100,543400,55700,829100,119143650000,10037.0,0.0,誤植: カタログ印字 Ao=5911cm2 (正 Ac+As=5991cm2)
2524,特厚型,,Hi-SC105-1200-特厚型-190-17,SC,1200,190,105,60,0,0,40000,0,0,0,0,0,false,0,0,0,0,0,0,17,325,205000,0,SKK490,602900,539700,63200,863500,125183570000,4444.0,6656.0,11261.0,3948.0,5938.0,1.817,599100,539700,59400,844200,121716460000,10633.0,0.0,誤植: カタログ印字 Ao=5911cm2 (正 Ac+As=5991cm2)
2525,特厚型,,Hi-SC105-1200-特厚型-190-18,SC,1200,190,105,60,0,0,40000,0,0,0,0,0,false,0,0,0,0,0,0,18,325,205000,0,SKK490,602900,536000,66800,878600,127742700000,4680.0,7010.0,11845.0,4177.0,6283.0,1.837,599100,536000,63100,859300,124275840000,11222.0,0.0,誤植: カタログ印字 Ao=5911cm2 (正 Ac+As=5991cm2)
2526,特厚型,,Hi-SC105-1200-特厚型-190-19,SC,1200,190,105,60,0,0,40000,0,0,0,0,0,false,0,0,0,0,0,0,19,325,205000,0,SKK490,602900,532400,70500,893700,130288400000,4915.0,7362.0,12423.0,4405.0,6626.0,1.857,599100,532400,66700,874400,126821800000,11804.0,0.0,誤植: カタログ印字 Ao=5911cm2 (正 Ac+As=5991cm2)
2527,特厚型,,Hi-SC105-1200-特厚型-190-20,SC,1200,190,105,60,0,0,40000,0,0,0,0,0,false,0,0,0,0,0,0,20,325,205000,0,SKK490,602900,528700,74100,908700,132820720000,5149.0,7712.0,12994.0,4633.0,6969.0,1.876,599100,528700,70400,889400,129354390000,12379.0,0.0,誤植: カタログ印字 Ao=5911cm2 (正 Ac+As=5991cm2)
2528,特厚型,,Hi-SC105-1200-特厚型-190-21,SC,1200,190,105,60,0,0,40000,0,0,0,0,0,false,0,0,0,0,0,0,21,325,205000,0,SKK490,602900,525100,77800,923700,135339680000,5381.0,8060.0,13559.0,4861.0,7311.0,1.896,599100,525100,74000,904400,131873640000,12948.0,0.0,誤植: カタログ印字 Ao=5911cm2 (正 Ac+As=5991cm2)
2529,特厚型,,Hi-SC105-1200-特厚型-190-22,SC,1200,190,105,60,0,0,40000,0,0,0,0,0,false,0,0,0,0,0,0,22,325,205000,0,SKK490,602900,521500,81400,938700,137845320000,5612.0,8406.0,14118.0,5088.0,7653.0,1.916,599200,521500,77700,919400,134379570000,13510.0,0.0,誤植: カタログ印字 Ao=5911cm2 (正 Ac+As=5992cm2)
2530,特厚型,,Hi-SC105-1200-特厚型-190-23,SC,1200,190,105,60,0,0,40000,0,0,0,0,0,false,0,0,0,0,0,0,23,325,205000,0,SKK490,602900,517800,85000,953700,140337650000,5842.0,8750.0,14670.0,5315.0,7994.0,1.935,599100,517800,81300,934400,136872220000,14067.0,0.0,誤植: カタログ印字 Ao=5911cm2 (正 Ac+As=5991cm2)
2531,特厚型,,Hi-SC105-1200-特厚型-190-24,SC,1200,190,105,60,0,0,40000,0,0,0,0,0,false,0,0,0,0,0,0,24,325,205000,0,SKK490,602900,514200,88700,968600,142816730000,6070.0,9092.0,15216.0,5541.0,8334.0,1.955,599100,514200,84900,949300,139351620000,14617.0,0.0,誤植: カタログ印字 Ao=5911cm2 (正 Ac+As=5991cm2)
2532,特厚型,,Hi-SC105-1200-特厚型-190-25,SC,1200,190,105,60,0,0,40000,0,0,0,0,0,false,0,0,0,0,0,0,25,325,205000,0,SKK490,602900,510600,92300,983500,145282570000,6298.0,9432.0,15757.0,5767.0,8674.0,1.974,599100,510600,88500,964200,141817800000,15161.0,0.0,誤植: カタログ印字 Ao=5911cm2 (正 Ac+As=5991cm2)
2533,標準型,,Hi-SC105-1300-標準型-170-9,SC,1300,170,105,60,0,0,40000,0,0,0,0,0,false,0,0,0,0,0,0,9,325,205000,0,SKK490,603500,567000,36500,754100,129877120000,2939.0,4402.0,6841.0,2281.0,3431.0,1.703,599400,567000,32400,733200,125465670000,6113.0,0.0,
2534,標準型,,Hi-SC105-1300-標準型-170-10,SC,1300,170,105,60,0,0,40000,0,0,0,0,0,false,0,0,0,0,0,0,10,325,205000,0,SKK490,603500,563000,40500,770700,133282230000,3237.0,4848.0,7540.0,2533.0,3809.0,1.725,599400,563000,36400,749800,128870780000,6819.0,0.0,
2535,標準型,,Hi-SC105-1300-標準型-170-11,SC,1300,170,105,60,0,0,40000,0,0,0,0,0,false,0,0,0,0,0,0,11,325,205000,0,SKK490,603500,559000,44500,787200,136671420000,3532.0,5290.0,8231.0,2784.0,4187.0,1.746,599400,559000,40500,766300,132259970000,7516.0,0.0,
2536,標準型,,Hi-SC105-1300-標準型-170-12,SC,1300,170,105,60,0,0,40000,0,0,0,0,0,false,0,0,0,0,0,0,12,325,205000,0,SKK490,603500,554900,48600,803800,140044740000,3825.0,5728.0,8914.0,3035.0,4564.0,1.768,599400,554900,44500,782900,135633290000,8205.0,0.0,
2537,標準型,,Hi-SC105-1300-標準型-170-13,SC,1300,170,105,60,0,0,40000,0,0,0,0,0,false,0,0,0,0,0,0,13,325,205000,0,SKK490,603500,550900,52600,820300,143402230000,4115.0,6162.0,9589.0,3285.0,4941.0,1.789,599400,550900,48500,799400,138990780000,8886.0,0.0,
2538,標準型,,Hi-SC105-1300-標準型-170-14,SC,1300,170,105,60,0,0,40000,0,0,0,0,0,false,0,0,0,0,0,0,14,325,205000,0,SKK490,603500,546900,56600,836800,146743940000,4402.0,6593.0,10256.0,3535.0,5317.0,1.81,599400,546900,52500,815900,142332490000,9558.0,0.0,
2539,標準型,,Hi-SC105-1300-標準型-170-15,SC,1300,170,105,60,0,0,40000,0,0,0,0,0,false,0,0,0,0,0,0,15,325,205000,0,SKK490,603500,542900,60600,853300,150069930000,4688.0,7021.0,10915.0,3785.0,5692.0,1.832,599400,542900,56500,832400,145658480000,10223.0,0.0,
2540,標準型,,Hi-SC105-1300-標準型-170-16,SC,1300,170,105,60,0,0,40000,0,0,0,0,0,false,0,0,0,0,0,0,16,325,205000,0,SKK490,603500,539000,64500,869700,153380240000,4972.0,7446.0,11567.0,4034.0,6067.0,1.853,599400,539000,60500,848800,148968790000,10880.0,0.0,
2541,標準型,,Hi-SC105-1300-標準型-170-17,SC,1300,170,105,60,0,0,40000,0,0,0,0,0,false,0,0,0,0,0,0,17,325,205000,0,SKK490,603500,535000,68500,886200,156674930000,5254.0,7868.0,12211.0,4283.0,6441.0,1.874,599400,535000,64400,865200,152263480000,11529.0,0.0,
2542,標準型,,Hi-SC105-1300-標準型-170-18,SC,1300,170,105,60,0,0,40000,0,0,0,0,0,false,0,0,0,0,0,0,18,325,205000,0,SKK490,603500,531000,72500,902500,159954030000,5534.0,8288.0,12847.0,4531.0,6815.0,1.896,599400,531000,68400,881600,155542580000,12171.0,0.0,
2543,標準型,,Hi-SC105-1300-標準型-170-19,SC,1300,170,105,60,0,0,40000,0,0,0,0,0,false,0,0,0,0,0,0,19,325,205000,0,SKK490,603500,527000,76500,918900,163217610000,5812.0,8705.0,13476.0,4779.0,7188.0,1.917,599400,527000,72400,898000,158806160000,12805.0,0.0,
2544,標準型,,Hi-SC105-1300-標準型-170-20,SC,1300,170,105,60,0,0,40000,0,0,0,0,0,false,0,0,0,0,0,0,20,325,205000,0,SKK490,603500,523100,80400,935300,166465710000,6090.0,9120.0,14098.0,5027.0,7560.0,1.938,599400,523100,76300,914300,162054260000,13432.0,0.0,
2545,標準型,,Hi-SC105-1300-標準型-170-21,SC,1300,170,105,60,0,0,40000,0,0,0,0,0,false,0,0,0,0,0,0,21,325,205000,0,SKK490,603500,519100,84400,951600,169698380000,6365.0,9533.0,14712.0,5274.0,7932.0,1.959,599400,519100,80300,930700,165286930000,14051.0,0.0,
2546,標準型,,Hi-SC105-1300-標準型-170-22,SC,1300,170,105,60,0,0,40000,0,0,0,0,0,false,0,0,0,0,0,0,22,325,205000,0,SKK490,603500,515200,88300,967900,172915670000,6640.0,9944.0,15319.0,5521.0,8303.0,1.98,599400,515200,84200,946900,168504220000,14662.0,0.0,
2547,標準型,,Hi-SC105-1300-標準型-170-23,SC,1300,170,105,60,0,0,40000,0,0,0,0,0,false,0,0,0,0,0,0,23,325,205000,0,SKK490,603500,511200,92300,984100,176117630000,6913.0,10353.0,15919.0,5767.0,8674.0,2.001,599400,511200,88200,963200,171706180000,15267.0,0.0,
2548,標準型,,Hi-SC105-1300-標準型-170-24,SC,1300,170,105,60,0,0,40000,0,0,0,0,0,false,0,0,0,0,0,0,24,325,205000,0,SKK490,603500,507300,96200,1000400,179304300000,7184.0,10760.0,16512.0,6013.0,9044.0,2.022,599400,507300,92100,979400,174892850000,15865.0,0.0,
2549,標準型,,Hi-SC105-1300-標準型-170-25,SC,1300,170,105,60,0,0,40000,0,0,0,0,0,false,0,0,0,0,0,0,25,325,205000,0,SKK490,603500,503400,100100,1016600,182475740000,7455.0,11165.0,17098.0,6259.0,9413.0,2.043,599400,503400,96100,995700,178064280000,16455.0,0.0,
2550,標準型,,Hi-SC105-1400-標準型-180-11,SC,1400,180,105,60,0,0,40000,0,0,0,0,0,false,0,0,0,0,0,0,11,325,205000,0,SKK490,689900,641900,48000,887900,178902880000,4122.0,6173.0,9603.0,3000.0,4512.0,1.981,685500,641900,43600,865400,173392180000,8769.0,0.0,
2551,標準型,,Hi-SC105-1400-標準型-180-12,SC,1400,180,105,60,0,0,40000,0,0,0,0,0,false,0,0,0,0,0,0,12,325,205000,0,SKK490,689900,637600,52300,905700,183132350000,4463.0,6684.0,10403.0,3270.0,4919.0,2.004,685500,637600,47900,883200,177621650000,9575.0,0.0,
2552,標準型,,Hi-SC105-1400-標準型-180-13,SC,1400,180,105,60,0,0,40000,0,0,0,0,0,false,0,0,0,0,0,0,13,325,205000,0,SKK490,689900,633200,56600,923600,187343420000,4802.0,7191.0,11194.0,3540.0,5325.0,2.027,685500,633200,52300,901000,181832710000,10372.0,0.0,
2553,標準型,,Hi-SC105-1400-標準型-180-14,SC,1400,180,105,60,0,0,40000,0,0,0,0,0,false,0,0,0,0,0,0,14,325,205000,0,SKK490,689900,628900,61000,941400,191536140000,5138.0,7695.0,11976.0,3810.0,5730.0,2.05,685500,628900,56600,918800,186025430000,11161.0,0.0,
2554,標準型,,Hi-SC105-1400-標準型-180-15,SC,1400,180,105,60,0,0,40000,0,0,0,0,0,false,0,0,0,0,0,0,15,325,205000,0,SKK490,689900,624600,65300,959100,195710560000,5471.0,8194.0,12750.0,4079.0,6135.0,2.073,685500,624600,60900,936600,190199860000,11941.0,0.0,
2555,標準型,,Hi-SC105-1400-標準型-180-16,SC,1400,180,105,60,0,0,40000,0,0,0,0,0,false,0,0,0,0,0,0,16,325,205000,0,SKK490,689900,620300,69600,976900,199866740000,5803.0,8691.0,13515.0,4348.0,6539.0,2.096,685500,620300,65200,954300,194356040000,12712.0,0.0,
2556,標準型,,Hi-SC105-1400-標準型-180-17,SC,1400,180,105,60,0,0,40000,0,0,0,0,0,false,0,0,0,0,0,0,17,325,205000,0,SKK490,689900,616000,73900,994600,204004730000,6132.0,9184.0,14272.0,4616.0,6943.0,2.119,685500,616000,69500,972000,198494030000,13475.0,0.0,
2557,標準型,,Hi-SC105-1400-標準型-180-18,SC,1400,180,105,60,0,0,40000,0,0,0,0,0,false,0,0,0,0,0,0,18,325,205000,0,SKK490,689900,611700,78200,1012300,208124590000,6459.0,9674.0,15020.0,4884.0,7346.0,2.142,685500,611700,73800,989700,202613880000,14229.0,0.0,
2558,標準型,,Hi-SC105-1400-標準型-180-19,SC,1400,180,105,60,0,0,40000,0,0,0,0,0,false,0,0,0,0,0,0,19,325,205000,0,SKK490,689900,607500,82400,1029900,212226360000,6785.0,10161.0,15760.0,5152.0,7749.0,2.165,685500,607500,78000,1007400,206715660000,14975.0,0.0,
2559,標準型,,Hi-SC105-1400-標準型-180-20,SC,1400,180,105,60,0,0,40000,0,0,0,0,0,false,0,0,0,0,0,0,20,325,205000,0,SKK490,689900,603200,86700,1047600,216310110000,7109.0,10646.0,16492.0,5419.0,8151.0,2.188,685500,603200,82300,1025000,210799400000,15712.0,0.0,
2560,標準型,,Hi-SC105-1400-標準型-180-21,SC,1400,180,105,60,0,0,40000,0,0,0,0,0,false,0,0,0,0,0,0,21,325,205000,0,SKK490,689900,598900,91000,1065200,220375870000,7431.0,11129.0,17216.0,5686.0,8552.0,2.21,685500,598900,86600,1042700,214865170000,16442.0,0.0,
2561,標準型,,Hi-SC105-1400-標準型-180-22,SC,1400,180,105,60,0,0,40000,0,0,0,0,0,false,0,0,0,0,0,0,22,325,205000,0,SKK490,689900,594700,95200,1082800,224423710000,7751.0,11609.0,17931.0,5953.0,8953.0,2.233,685500,594700,90800,1060200,218913010000,17162.0,0.0,
2562,標準型,,Hi-SC105-1400-標準型-180-23,SC,1400,180,105,60,0,0,40000,0,0,0,0,0,false,0,0,0,0,0,0,23,325,205000,0,SKK490,689900,590400,99500,1100300,228453690000,8070.0,12086.0,18639.0,6219.0,9353.0,2.256,685500,590400,95100,1077800,222942980000,17875.0,0.0,
2563,標準型,,Hi-SC105-1400-標準型-180-24,SC,1400,180,105,60,0,0,40000,0,0,0,0,0,false,0,0,0,0,0,0,24,325,205000,0,SKK490,689900,586100,103700,1117900,232465840000,8388.0,12562.0,19340.0,6484.0,9752.0,2.279,685500,586100,99400,1095300,226955130000,18581.0,0.0,
2564,標準型,,Hi-SC105-1400-標準型-180-25,SC,1400,180,105,60,0,0,40000,0,0,0,0,0,false,0,0,0,0,0,0,25,325,205000,0,SKK490,689900,581900,108000,1135400,236460230000,8704.0,13036.0,20032.0,6750.0,10151.0,2.301,685500,581900,103600,1112800,230949520000,19278.0,0.0,
2565,標準型,,Hi-SC105-1500-標準型-190-11,SC,1500,190,105,60,0,0,40000,0,0,0,0,0,false,0,0,0,0,0,0,11,325,205000,0,SKK490,781900,730500,51500,994200,230092970000,4759.0,7127.0,11083.0,3216.0,4837.0,2.229,777200,730500,46700,970100,223314070000,10119.0,0.0,
2566,標準型,,Hi-SC105-1500-標準型-190-12,SC,1500,190,105,60,0,0,40000,0,0,0,0,0,false,0,0,0,0,0,0,12,325,205000,0,SKK490,781900,725800,56100,1013300,235312430000,5153.0,7717.0,12010.0,3506.0,5273.0,2.254,777200,725800,51400,989200,228533530000,11053.0,0.0,
2567,標準型,,Hi-SC105-1500-標準型-190-13,SC,1500,190,105,60,0,0,40000,0,0,0,0,0,false,0,0,0,0,0,0,13,325,205000,0,SKK490,781900,721200,60700,1032500,240510710000,5544.0,8303.0,12926.0,3796.0,5709.0,2.279,777200,721200,56000,1008300,233731820000,11976.0,0.0,
2568,標準型,,Hi-SC105-1500-標準型-190-14,SC,1500,190,105,60,0,0,40000,0,0,0,0,0,false,0,0,0,0,0,0,14,325,205000,0,SKK490,781900,716600,65400,1051500,245687880000,5932.0,8885.0,13833.0,4085.0,6144.0,2.303,777200,716600,60600,1027400,238908990000,12890.0,0.0,
2569,標準型,,Hi-SC105-1500-標準型-190-15,SC,1500,190,105,60,0,0,40000,0,0,0,0,0,false,0,0,0,0,0,0,15,325,205000,0,SKK490,781900,712000,70000,1070600,250843990000,6318.0,9462.0,14730.0,4374.0,6578.0,2.328,777200,712000,65300,1046500,244065100000,13794.0,0.0,
2570,標準型,,Hi-SC105-1500-標準型-190-16,SC,1500,190,105,60,0,0,40000,0,0,0,0,0,false,0,0,0,0,0,0,16,325,205000,0,SKK490,781900,707300,74600,1089600,255979100000,6701.0,10036.0,15619.0,4662.0,7012.0,2.353,777200,707300,69900,1065500,249200200000,14689.0,0.0,
2571,標準型,,Hi-SC105-1500-標準型-190-17,SC,1500,190,105,60,0,0,40000,0,0,0,0,0,false,0,0,0,0,0,0,17,325,205000,0,SKK490,781900,702700,79200,1108700,261093260000,7081.0,10605.0,16497.0,4950.0,7445.0,2.377,777200,702700,74500,1084500,254314360000,15575.0,0.0,
2572,標準型,,Hi-SC105-1500-標準型-190-18,SC,1500,190,105,60,0,0,40000,0,0,0,0,0,false,0,0,0,0,0,0,18,325,205000,0,SKK490,781900,698100,83800,1127600,266186530000,7460.0,11172.0,17367.0,5238.0,7878.0,2.402,777200,698100,79100,1103500,259407640000,16451.0,0.0,
2573,標準型,,Hi-SC105-1500-標準型-190-19,SC,1500,190,105,60,0,0,40000,0,0,0,0,0,false,0,0,0,0,0,0,19,325,205000,0,SKK490,781900,693500,88400,1146600,271258970000,7836.0,11736.0,18228.0,5525.0,8310.0,2.427,777200,693500,83700,1122500,264480080000,17318.0,0.0,
2574,標準型,,Hi-SC105-1500-標準型-190-20,SC,1500,190,105,60,0,0,40000,0,0,0,0,0,false,0,0,0,0,0,0,20,325,205000,0,SKK490,781900,689000,93000,1165500,276310640000,8210.0,12296.0,19079.0,5812.0,8741.0,2.451,777200,689000,88300,1141400,269531740000,18176.0,0.0,
2575,標準型,,Hi-SC105-1500-標準型-190-21,SC,1500,190,105,60,0,0,40000,0,0,0,0,0,false,0,0,0,0,0,0,21,325,205000,0,SKK490,781900,684400,97600,1184400,281341590000,8582.0,12853.0,19922.0,6098.0,9172.0,2.476,777200,684400,92900,1160300,274562690000,19025.0,0.0,
2576,標準型,,Hi-SC105-1500-標準型-190-22,SC,1500,190,105,60,0,0,40000,0,0,0,0,0,false,0,0,0,0,0,0,22,325,205000,0,SKK490,781900,679800,102200,1203300,286351870000,8953.0,13408.0,20756.0,6384.0,9602.0,2.5,777200,679800,97400,1179200,279572980000,19865.0,0.0,
2577,標準型,,Hi-SC105-1500-標準型-190-23,SC,1500,190,105,60,0,0,40000,0,0,0,0,0,false,0,0,0,0,0,0,23,325,205000,0,SKK490,781900,675200,106700,1222200,291341560000,9321.0,13960.0,21580.0,6670.0,10032.0,2.525,777200,675200,102000,1198000,284562660000,20695.0,0.0,
2578,標準型,,Hi-SC105-1500-標準型-190-24,SC,1500,190,105,60,0,0,40000,0,0,0,0,0,false,0,0,0,0,0,0,24,325,205000,0,SKK490,781900,670700,111300,1241000,296310690000,9688.0,14510.0,22396.0,6955.0,10461.0,2.549,777200,670700,106600,1216900,289531800000,21517.0,0.0,
2579,標準型,,Hi-SC105-1500-標準型-190-25,SC,1500,190,105,60,0,0,40000,0,0,0,0,0,false,0,0,0,0,0,0,25,325,205000,0,SKK490,781900,666100,115800,1259800,301259340000,10054.0,15057.0,23204.0,7240.0,10890.0,2.573,777200,666100,111100,1235700,294480440000,22331.0,0.0,
