Maker,Series,Shape,Name,Do,D,t,ThicknessType,Fc,PrestressType,PcDesignation,PcCount,Ap,PCD,BarDesignation,BarCount,Ag,BarPCD,Ao,Ae,So,SoFromSection,Io,Ie,Ze,SigmaCe,ShearBarStdDia490,ShearBarStdPitch490,ShearBarStdDia785,ShearBarStdPitch785,ShearBarHighDia785,ShearBarHighPitch785,Msc,Mal,Mas,Mu,Qal,QasStd10,QasStd15,QasStd20,QuStd10,QuStd15,QuStd20,QasHigh10,QasHigh15,QasHigh20,QuHigh10,QuHigh15,QuHigh20,Nal,PhcAe,PhcIe,PhcSigmaCe,PhcMc,PhcMu,PhcQas,PhcQu,PhcNal,Ec,Ftp,SigmaPu,Ep,BarFtu,BarFy,Er,BarAllowLong,BarAllowLongD29Up,BarAllowShort,FcAllowCompLong,FcAllowCompShort,PrcAllowDiagLong,PhcAllowDiagLong,PhcAllowDiagShort,PhcAllowBendTensLongFactor,PhcAllowBendTensShortFactor,MassPerM,NodePitch,HeadOffset,ToeOffset,Note
ジャパンパイル,JP-NPRC105,節杭,440-300,440.0,300.0,60.0,標準,105.0,Ⅰ,10.0,6,471.0,240.0,D13,6,760.0,236.0,45200.0,50300.0,1764000.0,1764000.0,346080000.0,381540000.0,2544000.0,7.4,5.5,75.0,5.0,100.0,5.0,75.0,33.5,43.0,69.3,101.6,83.0,160.0,119.0,98.0,240.0,179.0,147.0,166.0,125.0,104.0,249.0,188.0,156.0,1137.0,47100.0,359640000.0,7.8,37.0,76.0,98.0,127.0,1046.0,40000.0,1275.0,1420.0,200000.0,490.0,345.0,205000.0,215.0,195.0,345.0,30.0,60.0,1.2,1.2,1.8,0.25,0.5,0.154,1000.0,600.0,400.0,
ジャパンパイル,JP-NPRC105,節杭,450-300,450.0,300.0,60.0,標準,105.0,Ⅰ,10.0,6,471.0,240.0,D13,6,760.0,236.0,45200.0,50300.0,1764000.0,1764000.0,346080000.0,381540000.0,2544000.0,7.4,5.5,75.0,5.0,100.0,5.0,75.0,33.5,43.0,69.3,101.6,83.0,160.0,119.0,98.0,240.0,179.0,147.0,166.0,125.0,104.0,249.0,188.0,156.0,1137.0,47100.0,359640000.0,7.8,37.0,76.0,98.0,127.0,1046.0,40000.0,1275.0,1420.0,200000.0,490.0,345.0,205000.0,215.0,195.0,345.0,30.0,60.0,1.2,1.2,1.8,0.25,0.5,0.157,1000.0,600.0,400.0,
ジャパンパイル,JP-NPRC105,節杭,440-300,440.0,300.0,60.0,標準,105.0,Ⅱ,10.0,6,471.0,240.0,D16,6,1192.0,232.0,45200.0,52000.0,1764000.0,1764000.0,346080000.0,392820000.0,2619000.0,7.2,5.5,75.0,5.0,100.0,5.0,75.0,33.9,45.4,79.2,115.0,85.0,169.0,126.0,103.0,253.0,188.0,154.0,175.0,132.0,109.0,262.0,197.0,163.0,1186.0,47100.0,359640000.0,7.8,37.0,76.0,98.0,127.0,1046.0,40000.0,1275.0,1420.0,200000.0,490.0,345.0,205000.0,215.0,195.0,345.0,30.0,60.0,1.2,1.2,1.8,0.25,0.5,0.154,1000.0,600.0,400.0,
ジャパンパイル,JP-NPRC105,節杭,450-300,450.0,300.0,60.0,標準,105.0,Ⅱ,10.0,6,471.0,240.0,D16,6,1192.0,232.0,45200.0,52000.0,1764000.0,1764000.0,346080000.0,392820000.0,2619000.0,7.2,5.5,75.0,5.0,100.0,5.0,75.0,33.9,45.4,79.2,115.0,85.0,169.0,126.0,103.0,253.0,188.0,154.0,175.0,132.0,109.0,262.0,197.0,163.0,1186.0,47100.0,359640000.0,7.8,37.0,76.0,98.0,127.0,1046.0,40000.0,1275.0,1420.0,200000.0,490.0,345.0,205000.0,215.0,195.0,345.0,30.0,60.0,1.2,1.2,1.8,0.25,0.5,0.157,1000.0,600.0,400.0,
ジャパンパイル,JP-NPRC105,節杭,440-300,440.0,300.0,65.0,標準,105.0,Ⅲ,10.0,6,471.0,240.0,D19,6,1719.0,228.0,48000.0,57000.0,1841000.0,1840583.3333333333,356610000.0,416400000.0,2776000.0,6.6,5.5,75.0,5.0,100.0,5.0,75.0,34.6,49.2,90.6,130.7,90.0,180.0,133.0,108.0,271.0,200.0,163.0,186.0,139.0,114.0,279.0,209.0,171.0,1334.0,49900.0,370170000.0,7.4,37.0,76.0,102.0,133.0,1128.0,40000.0,1275.0,1420.0,200000.0,490.0,345.0,205000.0,215.0,195.0,345.0,30.0,60.0,1.2,1.2,1.8,0.25,0.5,0.167,1000.0,600.0,400.0,
ジャパンパイル,JP-NPRC105,節杭,450-300,450.0,300.0,65.0,標準,105.0,Ⅲ,10.0,6,471.0,240.0,D19,6,1719.0,228.0,48000.0,57000.0,1841000.0,1840583.3333333333,356610000.0,416400000.0,2776000.0,6.6,5.5,75.0,5.0,100.0,5.0,75.0,34.6,49.2,90.6,130.7,90.0,180.0,133.0,108.0,271.0,200.0,163.0,186.0,139.0,114.0,279.0,209.0,171.0,1334.0,49900.0,370170000.0,7.4,37.0,76.0,102.0,133.0,1128.0,40000.0,1275.0,1420.0,200000.0,490.0,345.0,205000.0,215.0,195.0,345.0,30.0,60.0,1.2,1.2,1.8,0.25,0.5,0.17,1000.0,600.0,400.0,
ジャパンパイル,JP-NPRC105,節杭,440-300,440.0,300.0,65.0,標準,105.0,Ⅳ,10.0,6,471.0,240.0,D22,6,2323.0,225.0,48000.0,59500.0,1841000.0,1840583.3333333333,356610000.0,431010000.0,2873000.0,6.4,5.5,75.0,5.0,100.0,5.0,75.0,35.2,52.4,103.8,148.0,92.0,189.0,139.0,113.0,283.0,209.0,169.0,195.0,145.0,119.0,292.0,217.0,178.0,1404.0,49900.0,370170000.0,7.4,37.0,76.0,102.0,133.0,1128.0,40000.0,1275.0,1420.0,200000.0,490.0,345.0,205000.0,215.0,195.0,345.0,30.0,60.0,1.2,1.2,1.8,0.25,0.5,0.167,1000.0,600.0,400.0,
ジャパンパイル,JP-NPRC105,節杭,450-300,450.0,300.0,65.0,標準,105.0,Ⅳ,10.0,6,471.0,240.0,D22,6,2323.0,225.0,48000.0,59500.0,1841000.0,1840583.3333333333,356610000.0,431010000.0,2873000.0,6.4,5.5,75.0,5.0,100.0,5.0,75.0,35.2,52.4,103.8,148.0,92.0,189.0,139.0,113.0,283.0,209.0,169.0,195.0,145.0,119.0,292.0,217.0,178.0,1404.0,49900.0,370170000.0,7.4,37.0,76.0,102.0,133.0,1128.0,40000.0,1275.0,1420.0,200000.0,490.0,345.0,205000.0,215.0,195.0,345.0,30.0,60.0,1.2,1.2,1.8,0.25,0.5,0.17,1000.0,600.0,400.0,
ジャパンパイル,JP-NPRC105,節杭,500-400,500.0,400.0,65.0,標準,105.0,Ⅰ,10.0,8,628.0,335.0,D13,8,1014.0,331.0,68400.0,75100.0,3693000.0,3693083.3333333335,995770000.0,1088400000.0,5442000.0,6.7,5.5,55.0,5.0,70.0,5.0,55.0,68.3,89.3,129.6,193.3,118.0,230.0,174.0,145.0,345.0,262.0,218.0,241.0,185.0,156.0,361.0,278.0,234.0,1750.0,70900.0,1031000000.0,7.0,75.0,145.0,140.0,182.0,1631.0,40000.0,1275.0,1420.0,200000.0,490.0,345.0,205000.0,215.0,195.0,345.0,30.0,60.0,1.2,1.2,1.8,0.25,0.5,0.208,1000.0,600.0,400.0,
ジャパンパイル,JP-NPRC105,節杭,550-400,550.0,400.0,65.0,標準,105.0,Ⅰ,10.0,8,628.0,335.0,D13,8,1014.0,331.0,68400.0,75100.0,3693000.0,3693083.3333333335,995770000.0,1088400000.0,5442000.0,6.7,5.5,55.0,5.0,70.0,5.0,55.0,68.3,89.3,129.6,193.3,118.0,230.0,174.0,145.0,345.0,262.0,218.0,241.0,185.0,156.0,361.0,278.0,234.0,1750.0,70900.0,1031000000.0,7.0,75.0,145.0,140.0,182.0,1631.0,40000.0,1275.0,1420.0,200000.0,490.0,345.0,205000.0,215.0,195.0,345.0,30.0,60.0,1.2,1.2,1.8,0.25,0.5,0.228,1000.0,600.0,400.0,
ジャパンパイル,JP-NPRC105,節杭,500-400,500.0,400.0,65.0,標準,105.0,Ⅱ,10.0,8,628.0,335.0,D16,8,1589.0,327.0,68400.0,77500.0,3693000.0,3693083.3333333335,995770000.0,1118800000.0,5594000.0,6.5,5.5,55.0,5.0,70.0,5.0,55.0,69.0,94.9,147.9,219.3,120.0,243.0,183.0,151.0,364.0,274.0,227.0,253.0,193.0,162.0,380.0,290.0,243.0,1821.0,70900.0,1031000000.0,7.0,75.0,145.0,140.0,182.0,1631.0,40000.0,1275.0,1420.0,200000.0,490.0,345.0,205000.0,215.0,195.0,345.0,30.0,60.0,1.2,1.2,1.8,0.25,0.5,0.208,1000.0,600.0,400.0,
ジャパンパイル,JP-NPRC105,節杭,550-400,550.0,400.0,65.0,標準,105.0,Ⅱ,10.0,8,628.0,335.0,D16,8,1589.0,327.0,68400.0,77500.0,3693000.0,3693083.3333333335,995770000.0,1118800000.0,5594000.0,6.5,5.5,55.0,5.0,70.0,5.0,55.0,69.0,94.9,147.9,219.3,120.0,243.0,183.0,151.0,364.0,274.0,227.0,253.0,193.0,162.0,380.0,290.0,243.0,1821.0,70900.0,1031000000.0,7.0,75.0,145.0,140.0,182.0,1631.0,40000.0,1275.0,1420.0,200000.0,490.0,345.0,205000.0,215.0,195.0,345.0,30.0,60.0,1.2,1.2,1.8,0.25,0.5,0.228,1000.0,600.0,400.0,
ジャパンパイル,JP-NPRC105,節杭,500-400,500.0,400.0,70.0,標準,105.0,Ⅲ,10.0,8,628.0,335.0,D19,8,2292.0,323.0,72600.0,84500.0,3869000.0,3868666.6666666665,1032300000.0,1191100000.0,5956000.0,6.0,5.5,55.0,5.0,70.0,5.0,55.0,70.9,103.8,169.9,250.5,127.0,260.0,195.0,160.0,390.0,292.0,240.0,271.0,205.0,171.0,406.0,308.0,256.0,2028.0,75100.0,1067600000.0,6.6,75.0,145.0,145.0,189.0,1757.0,40000.0,1275.0,1420.0,200000.0,490.0,345.0,205000.0,215.0,195.0,345.0,30.0,60.0,1.2,1.2,1.8,0.25,0.5,0.227,1000.0,600.0,400.0,
ジャパンパイル,JP-NPRC105,節杭,550-400,550.0,400.0,70.0,標準,105.0,Ⅲ,10.0,8,628.0,335.0,D19,8,2292.0,323.0,72600.0,84500.0,3869000.0,3868666.6666666665,1032300000.0,1191100000.0,5956000.0,6.0,5.5,55.0,5.0,70.0,5.0,55.0,70.9,103.8,169.9,250.5,127.0,260.0,195.0,160.0,390.0,292.0,240.0,271.0,205.0,171.0,406.0,308.0,256.0,2028.0,75100.0,1067600000.0,6.6,75.0,145.0,145.0,189.0,1757.0,40000.0,1275.0,1420.0,200000.0,490.0,345.0,205000.0,215.0,195.0,345.0,30.0,60.0,1.2,1.2,1.8,0.25,0.5,0.247,1000.0,600.0,400.0,
ジャパンパイル,JP-NPRC105,節杭,500-400,500.0,400.0,70.0,標準,105.0,Ⅳ,10.0,8,628.0,335.0,D22,8,3097.0,320.0,72600.0,87900.0,3869000.0,3868666.6666666665,1032300000.0,1231500000.0,6157000.0,5.8,5.5,55.0,5.0,70.0,5.0,55.0,72.0,111.0,194.5,284.9,129.0,272.0,203.0,166.0,408.0,304.0,249.0,282.0,213.0,177.0,424.0,320.0,265.0,2127.0,75100.0,1067600000.0,6.6,75.0,145.0,145.0,189.0,1757.0,40000.0,1275.0,1420.0,200000.0,490.0,345.0,205000.0,215.0,195.0,345.0,30.0,60.0,1.2,1.2,1.8,0.25,0.5,0.227,1000.0,600.0,400.0,
ジャパンパイル,JP-NPRC105,節杭,550-400,550.0,400.0,70.0,標準,105.0,Ⅳ,10.0,8,628.0,335.0,D22,8,3097.0,320.0,72600.0,87900.0,3869000.0,3868666.6666666665,1032300000.0,1231500000.0,6157000.0,5.8,5.5,55.0,5.0,70.0,5.0,55.0,72.0,111.0,194.5,284.9,129.0,272.0,203.0,166.0,408.0,304.0,249.0,282.0,213.0,177.0,424.0,320.0,265.0,2127.0,75100.0,1067600000.0,6.6,75.0,145.0,145.0,189.0,1757.0,40000.0,1275.0,1420.0,200000.0,490.0,345.0,205000.0,215.0,195.0,345.0,30.0,60.0,1.2,1.2,1.8,0.25,0.5,0.247,1000.0,600.0,400.0,
ジャパンパイル,JP-NPRC105,節杭,500-400,500.0,400.0,80.0,特厚,105.0,Ⅰ,10.0,8,628.0,335.0,D13,8,1014.0,331.0,80400.0,87100.0,4181000.0,4181333.3333333335,1093800000.0,1186400000.0,5932000.0,5.8,5.5,55.0,5.0,70.0,5.0,55.0,70.0,94.1,129.1,193.3,132.0,242.0,182.0,151.0,363.0,273.0,226.0,252.0,193.0,161.0,379.0,289.0,241.0,2108.0,82900.0,1129000000.0,6.1,77.0,145.0,158.0,206.0,1981.0,40000.0,1275.0,1420.0,200000.0,490.0,345.0,205000.0,215.0,195.0,345.0,30.0,60.0,1.2,1.2,1.8,0.25,0.5,0.247,1000.0,600.0,400.0,
ジャパンパイル,JP-NPRC105,節杭,550-400,550.0,400.0,80.0,特厚,105.0,Ⅰ,10.0,8,628.0,335.0,D13,8,1014.0,331.0,80400.0,87100.0,4181000.0,4181333.3333333335,1093800000.0,1186400000.0,5932000.0,5.8,5.5,55.0,5.0,70.0,5.0,55.0,70.0,94.1,129.1,193.3,132.0,242.0,182.0,151.0,363.0,273.0,226.0,252.0,193.0,161.0,379.0,289.0,241.0,2108.0,82900.0,1129000000.0,6.1,77.0,145.0,158.0,206.0,1981.0,40000.0,1275.0,1420.0,200000.0,490.0,345.0,205000.0,215.0,195.0,345.0,30.0,60.0,1.2,1.2,1.8,0.25,0.5,0.267,1000.0,600.0,400.0,
ジャパンパイル,JP-NPRC105,節杭,500-400,500.0,400.0,80.0,特厚,105.0,Ⅱ,10.0,8,628.0,335.0,D16,8,1589.0,327.0,80400.0,89500.0,4181000.0,4181333.3333333335,1093800000.0,1216800000.0,6084000.0,5.7,5.5,55.0,5.0,70.0,5.0,55.0,71.2,100.6,147.9,219.5,134.0,256.0,191.0,158.0,383.0,287.0,236.0,266.0,202.0,168.0,399.0,303.0,252.0,2175.0,82900.0,1129000000.0,6.1,77.0,145.0,158.0,206.0,1981.0,40000.0,1275.0,1420.0,200000.0,490.0,345.0,205000.0,215.0,195.0,345.0,30.0,60.0,1.2,1.2,1.8,0.25,0.5,0.247,1000.0,600.0,400.0,
ジャパンパイル,JP-NPRC105,節杭,550-400,550.0,400.0,80.0,特厚,105.0,Ⅱ,10.0,8,628.0,335.0,D16,8,1589.0,327.0,80400.0,89500.0,4181000.0,4181333.3333333335,1093800000.0,1216800000.0,6084000.0,5.7,5.5,55.0,5.0,70.0,5.0,55.0,71.2,100.6,147.9,219.5,134.0,256.0,191.0,158.0,383.0,287.0,236.0,266.0,202.0,168.0,399.0,303.0,252.0,2175.0,82900.0,1129000000.0,6.1,77.0,145.0,158.0,206.0,1981.0,40000.0,1275.0,1420.0,200000.0,490.0,345.0,205000.0,215.0,195.0,345.0,30.0,60.0,1.2,1.2,1.8,0.25,0.5,0.267,1000.0,600.0,400.0,
ジャパンパイル,JP-NPRC105,節杭,500-400,500.0,400.0,80.0,特厚,105.0,Ⅲ,10.0,8,628.0,335.0,D19,8,2292.0,323.0,80400.0,92400.0,4181000.0,4181333.3333333335,1093800000.0,1252600000.0,6263000.0,5.5,5.5,55.0,5.0,70.0,5.0,55.0,72.0,107.6,169.6,250.5,136.0,269.0,200.0,164.0,403.0,300.0,246.0,279.0,211.0,175.0,419.0,316.0,262.0,2264.0,82900.0,1129000000.0,6.1,77.0,145.0,158.0,206.0,1981.0,40000.0,1275.0,1420.0,200000.0,490.0,345.0,205000.0,215.0,195.0,345.0,30.0,60.0,1.2,1.2,1.8,0.25,0.5,0.247,1000.0,600.0,400.0,
ジャパンパイル,JP-NPRC105,節杭,550-400,550.0,400.0,80.0,特厚,105.0,Ⅲ,10.0,8,628.0,335.0,D19,8,2292.0,323.0,80400.0,92400.0,4181000.0,4181333.3333333335,1093800000.0,1252600000.0,6263000.0,5.5,5.5,55.0,5.0,70.0,5.0,55.0,72.0,107.6,169.6,250.5,136.0,269.0,200.0,164.0,403.0,300.0,246.0,279.0,211.0,175.0,419.0,316.0,262.0,2264.0,82900.0,1129000000.0,6.1,77.0,145.0,158.0,206.0,1981.0,40000.0,1275.0,1420.0,200000.0,490.0,345.0,205000.0,215.0,195.0,345.0,30.0,60.0,1.2,1.2,1.8,0.25,0.5,0.267,1000.0,600.0,400.0,
ジャパンパイル,JP-NPRC105,節杭,500-400,500.0,400.0,80.0,特厚,105.0,Ⅳ,10.0,8,628.0,335.0,D22,8,3097.0,320.0,80400.0,95700.0,4181000.0,4181333.3333333335,1093800000.0,1292900000.0,6465000.0,5.4,5.5,55.0,5.0,70.0,5.0,55.0,73.7,115.3,195.0,285.2,139.0,281.0,209.0,171.0,422.0,313.0,256.0,291.0,219.0,181.0,437.0,329.0,272.0,2354.0,82900.0,1129000000.0,6.1,77.0,145.0,158.0,206.0,1981.0,40000.0,1275.0,1420.0,200000.0,490.0,345.0,205000.0,215.0,195.0,345.0,30.0,60.0,1.2,1.2,1.8,0.25,0.5,0.247,1000.0,600.0,400.0,
ジャパンパイル,JP-NPRC105,節杭,550-400,550.0,400.0,80.0,特厚,105.0,Ⅳ,10.0,8,628.0,335.0,D22,8,3097.0,320.0,80400.0,95700.0,4181000.0,4181333.3333333335,1093800000.0,1292900000.0,6465000.0,5.4,5.5,55.0,5.0,70.0,5.0,55.0,73.7,115.3,195.0,285.2,139.0,281.0,209.0,171.0,422.0,313.0,256.0,291.0,219.0,181.0,437.0,329.0,272.0,2354.0,82900.0,1129000000.0,6.1,77.0,145.0,158.0,206.0,1981.0,40000.0,1275.0,1420.0,200000.0,490.0,345.0,205000.0,215.0,195.0,345.0,30.0,60.0,1.2,1.2,1.8,0.25,0.5,0.267,1000.0,600.0,400.0,
ジャパンパイル,JP-NPRC105,節杭,600-450,600.0,450.0,70.0,標準,105.0,Ⅰ,10.0,10,785.0,380.0,D13,10,1267.0,376.0,83600.0,91900.0,5111000.0,5111166.666666667,1559600000.0,1708800000.0,7595000.0,6.8,6.5,65.0,6.0,90.0,6.0,65.0,96.3,125.3,182.4,272.9,145.0,284.0,216.0,180.0,426.0,323.0,270.0,302.0,234.0,198.0,453.0,350.0,296.0,2132.0,86700.0,1616200000.0,7.1,105.0,204.0,171.0,223.0,1985.0,40000.0,1275.0,1420.0,200000.0,490.0,345.0,205000.0,215.0,195.0,345.0,30.0,60.0,1.2,1.2,1.8,0.25,0.5,0.283,1000.0,600.0,400.0,
ジャパンパイル,JP-NPRC105,節杭,600-450,600.0,450.0,70.0,標準,105.0,Ⅱ,10.0,10,785.0,380.0,D16,10,1986.0,372.0,83600.0,94900.0,5111000.0,5111166.666666667,1559600000.0,1758200000.0,7814000.0,6.6,6.5,65.0,6.0,90.0,6.0,65.0,97.4,133.2,208.3,309.9,147.0,299.0,226.0,187.0,448.0,339.0,281.0,317.0,244.0,205.0,475.0,366.0,308.0,2221.0,86700.0,1616200000.0,7.1,105.0,204.0,171.0,223.0,1985.0,40000.0,1275.0,1420.0,200000.0,490.0,345.0,205000.0,215.0,195.0,345.0,30.0,60.0,1.2,1.2,1.8,0.25,0.5,0.283,1000.0,600.0,400.0,
ジャパンパイル,JP-NPRC105,節杭,600-450,600.0,450.0,70.0,標準,105.0,Ⅲ,10.0,10,785.0,380.0,D19,10,2865.0,368.0,83600.0,98500.0,5111000.0,5111166.666666667,1559600000.0,1816700000.0,8074000.0,6.4,6.5,65.0,6.0,90.0,6.0,65.0,99.0,142.4,239.8,353.8,150.0,314.0,236.0,195.0,471.0,354.0,292.0,332.0,254.0,213.0,498.0,381.0,319.0,2325.0,86700.0,1616200000.0,7.1,105.0,204.0,171.0,223.0,1985.0,40000.0,1275.0,1420.0,200000.0,490.0,345.0,205000.0,215.0,195.0,345.0,30.0,60.0,1.2,1.2,1.8,0.25,0.5,0.283,1000.0,600.0,400.0,
ジャパンパイル,JP-NPRC105,節杭,600-450,600.0,450.0,70.0,標準,105.0,Ⅳ,10.0,10,785.0,380.0,D22,10,3871.0,365.0,83600.0,102700.0,5111000.0,5111166.666666667,1559600000.0,1882700000.0,8368000.0,6.2,6.5,65.0,6.0,90.0,6.0,65.0,100.8,152.4,274.8,402.5,154.0,328.0,245.0,202.0,491.0,368.0,303.0,346.0,263.0,220.0,518.0,395.0,330.0,2444.0,86700.0,1616200000.0,7.1,105.0,204.0,171.0,223.0,1985.0,40000.0,1275.0,1420.0,200000.0,490.0,345.0,205000.0,215.0,195.0,345.0,30.0,60.0,1.2,1.2,1.8,0.25,0.5,0.283,1000.0,600.0,400.0,
ジャパンパイル,JP-NPRC105,節杭,600-450,600.0,450.0,75.0,標準,105.0,Ⅴ,10.0,10,785.0,380.0,D25,10,5067.0,362.0,88400.0,112400.0,5344000.0,5343750.0,1615300000.0,2015100000.0,8956000.0,5.7,6.5,65.0,6.0,90.0,6.0,65.0,104.8,167.8,315.2,459.0,163.0,349.0,259.0,212.0,523.0,389.0,319.0,366.0,277.0,230.0,550.0,416.0,345.0,2731.0,91500.0,1672000000.0,6.8,106.0,204.0,178.0,232.0,2123.0,40000.0,1275.0,1420.0,200000.0,490.0,345.0,205000.0,215.0,195.0,345.0,30.0,60.0,1.2,1.2,1.8,0.25,0.5,0.302,1000.0,600.0,400.0,
ジャパンパイル,JP-NPRC105,節杭,600-450,600.0,450.0,85.0,特厚,105.0,Ⅰ,10.0,10,785.0,380.0,D13,10,1267.0,376.0,97500.0,105800.0,5764000.0,5764416.666666667,1711200000.0,1860400000.0,8268000.0,6.0,6.5,65.0,6.0,90.0,6.0,65.0,99.2,132.4,182.9,273.1,161.0,299.0,226.0,187.0,448.0,338.0,280.0,316.0,243.0,204.0,475.0,365.0,307.0,2539.0,100600.0,1767800000.0,6.3,108.0,204.0,192.0,251.0,2384.0,40000.0,1275.0,1420.0,200000.0,490.0,345.0,205000.0,215.0,195.0,345.0,30.0,60.0,1.2,1.2,1.8,0.25,0.5,0.326,1000.0,600.0,400.0,
ジャパンパイル,JP-NPRC105,節杭,600-450,600.0,450.0,85.0,特厚,105.0,Ⅱ,10.0,10,785.0,380.0,D16,10,1986.0,372.0,97500.0,108800.0,5764000.0,5764416.666666667,1711200000.0,1909800000.0,8488000.0,5.8,6.5,65.0,6.0,90.0,6.0,65.0,100.2,141.2,208.1,310.2,163.0,315.0,237.0,195.0,473.0,355.0,293.0,333.0,254.0,213.0,499.0,381.0,319.0,2633.0,100600.0,1767800000.0,6.3,108.0,204.0,192.0,251.0,2384.0,40000.0,1275.0,1420.0,200000.0,490.0,345.0,205000.0,215.0,195.0,345.0,30.0,60.0,1.2,1.2,1.8,0.25,0.5,0.326,1000.0,600.0,400.0,
ジャパンパイル,JP-NPRC105,節杭,600-450,600.0,450.0,85.0,特厚,105.0,Ⅲ,10.0,10,785.0,380.0,D19,10,2865.0,368.0,97500.0,112400.0,5764000.0,5764416.666666667,1711200000.0,1968300000.0,8748000.0,5.7,6.5,65.0,6.0,90.0,6.0,65.0,102.4,151.4,240.3,354.4,167.0,331.0,248.0,204.0,497.0,371.0,305.0,349.0,265.0,221.0,523.0,398.0,332.0,2731.0,100600.0,1767800000.0,6.3,108.0,204.0,192.0,251.0,2384.0,40000.0,1275.0,1420.0,200000.0,490.0,345.0,205000.0,215.0,195.0,345.0,30.0,60.0,1.2,1.2,1.8,0.25,0.5,0.326,1000.0,600.0,400.0,
ジャパンパイル,JP-NPRC105,節杭,600-450,600.0,450.0,85.0,特厚,105.0,Ⅳ,10.0,10,785.0,380.0,D22,10,3871.0,365.0,97500.0,116600.0,5764000.0,5764416.666666667,1711200000.0,2034300000.0,9041000.0,5.5,6.5,65.0,6.0,90.0,6.0,65.0,104.0,162.3,275.0,403.6,170.0,346.0,258.0,211.0,519.0,387.0,317.0,364.0,275.0,229.0,546.0,413.0,343.0,2857.0,100600.0,1767800000.0,6.3,108.0,204.0,192.0,251.0,2384.0,40000.0,1275.0,1420.0,200000.0,490.0,345.0,205000.0,215.0,195.0,345.0,30.0,60.0,1.2,1.2,1.8,0.25,0.5,0.326,1000.0,600.0,400.0,
ジャパンパイル,JP-NPRC105,節杭,600-450,600.0,450.0,85.0,特厚,105.0,Ⅴ,10.0,10,785.0,380.0,D25,10,5067.0,362.0,97500.0,121500.0,5764000.0,5764416.666666667,1711200000.0,2110900000.0,9382000.0,5.3,6.5,65.0,6.0,90.0,6.0,65.0,106.0,174.5,315.4,460.0,174.0,361.0,268.0,218.0,541.0,401.0,328.0,378.0,285.0,236.0,568.0,428.0,354.0,3001.0,100600.0,1767800000.0,6.3,108.0,204.0,192.0,251.0,2384.0,40000.0,1275.0,1420.0,200000.0,490.0,345.0,205000.0,215.0,195.0,345.0,30.0,60.0,1.2,1.2,1.8,0.25,0.5,0.326,1000.0,600.0,400.0,
ジャパンパイル,JP-NPRC105,節杭,650-500,650.0,500.0,80.0,標準,105.0,Ⅰ,10.0,12,942.0,420.0,D13,12,1520.0,416.0,105600.0,115600.0,7141000.0,7141333.333333333,2412000000.0,2631000000.0,10524000.0,6.5,6.5,60.0,6.0,80.0,6.0,60.0,130.3,171.4,243.8,365.3,179.0,350.0,266.0,221.0,526.0,399.0,332.0,371.0,286.0,242.0,557.0,430.0,363.0,2717.0,109400.0,2495100000.0,6.8,143.0,273.0,213.0,278.0,2538.0,40000.0,1275.0,1420.0,200000.0,490.0,345.0,205000.0,215.0,195.0,345.0,30.0,60.0,1.2,1.2,1.8,0.25,0.5,0.356,1000.0,600.0,400.0,
ジャパンパイル,JP-NPRC105,節杭,650-500,650.0,500.0,80.0,標準,105.0,Ⅱ,10.0,12,942.0,420.0,D16,12,2383.0,412.0,105600.0,119200.0,7141000.0,7141333.333333333,2412000000.0,2704000000.0,10816000.0,6.3,6.5,60.0,6.0,80.0,6.0,60.0,132.7,182.4,278.1,414.8,182.0,369.0,279.0,231.0,554.0,418.0,346.0,390.0,299.0,251.0,585.0,449.0,377.0,2825.0,109400.0,2495100000.0,6.8,143.0,273.0,213.0,278.0,2538.0,40000.0,1275.0,1420.0,200000.0,490.0,345.0,205000.0,215.0,195.0,345.0,30.0,60.0,1.2,1.2,1.8,0.25,0.5,0.356,1000.0,600.0,400.0,
ジャパンパイル,JP-NPRC105,節杭,650-500,650.0,500.0,80.0,標準,105.0,Ⅲ,10.0,12,942.0,420.0,D19,12,3438.0,408.0,105600.0,123500.0,7141000.0,7141333.333333333,2412000000.0,2790700000.0,11163000.0,6.2,6.5,60.0,6.0,80.0,6.0,60.0,134.6,195.3,321.7,473.9,186.0,388.0,291.0,240.0,582.0,437.0,361.0,409.0,312.0,261.0,613.0,468.0,392.0,2939.0,109400.0,2495100000.0,6.8,143.0,273.0,213.0,278.0,2538.0,40000.0,1275.0,1420.0,200000.0,490.0,345.0,205000.0,215.0,195.0,345.0,30.0,60.0,1.2,1.2,1.8,0.25,0.5,0.356,1000.0,600.0,400.0,
ジャパンパイル,JP-NPRC105,節杭,650-500,650.0,500.0,80.0,標準,105.0,Ⅳ,10.0,12,942.0,420.0,D22,12,4645.0,405.0,105600.0,128500.0,7141000.0,7141333.333333333,2412000000.0,2888700000.0,11555000.0,5.9,6.5,60.0,6.0,80.0,6.0,60.0,136.9,209.1,366.4,539.3,189.0,405.0,303.0,249.0,607.0,454.0,373.0,425.0,323.0,269.0,638.0,485.0,404.0,3097.0,109400.0,2495100000.0,6.8,143.0,273.0,213.0,278.0,2538.0,40000.0,1275.0,1420.0,200000.0,490.0,345.0,205000.0,215.0,195.0,345.0,30.0,60.0,1.2,1.2,1.8,0.25,0.5,0.356,1000.0,600.0,400.0,
ジャパンパイル,JP-NPRC105,節杭,650-500,650.0,500.0,80.0,標準,105.0,Ⅴ,10.0,12,942.0,420.0,D25,12,6080.0,401.0,105600.0,134400.0,7141000.0,7141333.333333333,2412000000.0,3000200000.0,12001000.0,5.7,6.5,60.0,6.0,80.0,6.0,60.0,140.4,224.4,420.8,613.9,193.0,422.0,314.0,257.0,633.0,471.0,386.0,442.0,335.0,278.0,664.0,502.0,417.0,3266.0,109400.0,2495100000.0,6.8,143.0,273.0,213.0,278.0,2538.0,40000.0,1275.0,1420.0,200000.0,490.0,345.0,205000.0,215.0,195.0,345.0,30.0,60.0,1.2,1.2,1.8,0.25,0.5,0.356,1000.0,600.0,400.0,
ジャパンパイル,JP-NPRC105,節杭,650-500,650.0,500.0,100.0,特厚,105.0,Ⅰ,10.0,12,942.0,420.0,D13,12,1520.0,416.0,125700.0,135700.0,8167000.0,8166666.666666667,2670400000.0,2889400000.0,11557000.0,5.6,6.5,60.0,6.0,80.0,6.0,60.0,134.1,181.2,243.6,365.4,202.0,370.0,279.0,231.0,555.0,418.0,346.0,390.0,299.0,251.0,586.0,448.0,376.0,3311.0,129500.0,2753400000.0,5.9,147.0,273.0,243.0,318.0,3121.0,40000.0,1275.0,1420.0,200000.0,490.0,345.0,205000.0,215.0,195.0,345.0,30.0,60.0,1.2,1.2,1.8,0.25,0.5,0.409,1000.0,600.0,400.0,
ジャパンパイル,JP-NPRC105,節杭,650-500,650.0,500.0,100.0,特厚,105.0,Ⅱ,10.0,12,942.0,420.0,D16,12,2383.0,412.0,125700.0,139300.0,8167000.0,8166666.666666667,2670400000.0,2962400000.0,11850000.0,5.5,6.5,60.0,6.0,80.0,6.0,60.0,136.3,194.1,278.9,415.1,206.0,391.0,293.0,241.0,586.0,439.0,362.0,411.0,313.0,261.0,617.0,470.0,392.0,3413.0,129500.0,2753400000.0,5.9,147.0,273.0,243.0,318.0,3121.0,40000.0,1275.0,1420.0,200000.0,490.0,345.0,205000.0,215.0,195.0,345.0,30.0,60.0,1.2,1.2,1.8,0.25,0.5,0.409,1000.0,600.0,400.0,
ジャパンパイル,JP-NPRC105,節杭,650-500,650.0,500.0,100.0,特厚,105.0,Ⅲ,10.0,12,942.0,420.0,D19,12,3438.0,408.0,125700.0,143600.0,8167000.0,8166666.666666667,2670400000.0,3049100000.0,12196000.0,5.4,6.5,60.0,6.0,80.0,6.0,60.0,139.0,208.4,321.6,474.4,210.0,411.0,307.0,252.0,617.0,460.0,378.0,431.0,327.0,272.0,647.0,490.0,408.0,3533.0,129500.0,2753400000.0,5.9,147.0,273.0,243.0,318.0,3121.0,40000.0,1275.0,1420.0,200000.0,490.0,345.0,205000.0,215.0,195.0,345.0,30.0,60.0,1.2,1.2,1.8,0.25,0.5,0.409,1000.0,600.0,400.0,
ジャパンパイル,JP-NPRC105,節杭,650-500,650.0,500.0,100.0,特厚,105.0,Ⅳ,10.0,12,942.0,420.0,D22,12,4645.0,405.0,125700.0,148600.0,8167000.0,8166666.666666667,2670400000.0,3147000000.0,12588000.0,5.2,6.5,60.0,6.0,80.0,6.0,60.0,141.0,223.5,367.5,540.4,214.0,430.0,319.0,261.0,645.0,479.0,392.0,450.0,339.0,281.0,675.0,509.0,422.0,3685.0,129500.0,2753400000.0,5.9,147.0,273.0,243.0,318.0,3121.0,40000.0,1275.0,1420.0,200000.0,490.0,345.0,205000.0,215.0,195.0,345.0,30.0,60.0,1.2,1.2,1.8,0.25,0.5,0.409,1000.0,600.0,400.0,
ジャパンパイル,JP-NPRC105,節杭,650-500,650.0,500.0,100.0,特厚,105.0,Ⅴ,10.0,12,942.0,420.0,D25,12,6080.0,401.0,125700.0,154500.0,8167000.0,8166666.666666667,2670400000.0,3258500000.0,13034000.0,5.0,6.5,60.0,6.0,80.0,6.0,60.0,143.4,240.1,421.1,615.9,218.0,448.0,332.0,270.0,672.0,498.0,406.0,468.0,352.0,291.0,702.0,528.0,436.0,3863.0,129500.0,2753400000.0,5.9,147.0,273.0,243.0,318.0,3121.0,40000.0,1275.0,1420.0,200000.0,490.0,345.0,205000.0,215.0,195.0,345.0,30.0,60.0,1.2,1.2,1.8,0.25,0.5,0.409,1000.0,600.0,400.0,
ジャパンパイル,JP-NPRC105,節杭,800-600,800.0,600.0,90.0,標準,105.0,Ⅰ,10.0,16,1256.0,510.0,D13,16,2027.0,506.0,144200.0,157600.0,11826000.0,11826000.0,4834300000.0,5265600000.0,17552000.0,6.4,6.5,50.0,6.0,65.0,6.0,50.0,215.5,284.2,395.7,594.0,242.0,487.0,370.0,309.0,730.0,555.0,463.0,516.0,399.0,338.0,774.0,599.0,507.0,3719.0,149200.0,4997600000.0,6.7,237.0,443.0,288.0,375.0,3476.0,40000.0,1275.0,1420.0,200000.0,490.0,345.0,205000.0,215.0,195.0,345.0,30.0,60.0,1.2,1.2,1.8,0.25,0.5,0.538,1000.0,600.0,400.0,
ジャパンパイル,JP-NPRC105,節杭,700-600,700.0,600.0,90.0,標準,105.0,Ⅰ,10.0,16,1256.0,510.0,D13,16,2027.0,506.0,144200.0,157600.0,11826000.0,11826000.0,4834300000.0,5265600000.0,17552000.0,6.4,6.5,50.0,6.0,65.0,6.0,50.0,215.5,284.2,395.7,594.0,242.0,487.0,370.0,309.0,730.0,555.0,463.0,516.0,399.0,338.0,774.0,599.0,507.0,3719.0,149200.0,4997600000.0,6.7,237.0,443.0,288.0,375.0,3476.0,40000.0,1275.0,1420.0,200000.0,490.0,345.0,205000.0,215.0,195.0,345.0,30.0,60.0,1.2,1.2,1.8,0.25,0.5,0.493,1000.0,600.0,400.0,
ジャパンパイル,JP-NPRC105,節杭,800-600,800.0,600.0,90.0,標準,105.0,Ⅱ,10.0,16,1256.0,510.0,D16,16,3178.0,502.0,144200.0,162300.0,11826000.0,11826000.0,4834300000.0,5411100000.0,18037000.0,6.2,6.5,50.0,6.0,65.0,6.0,50.0,219.5,303.1,451.2,675.3,245.0,512.0,388.0,322.0,769.0,581.0,483.0,542.0,417.0,351.0,813.0,625.0,527.0,3863.0,149200.0,4997600000.0,6.7,237.0,443.0,288.0,375.0,3476.0,40000.0,1275.0,1420.0,200000.0,490.0,345.0,205000.0,215.0,195.0,345.0,30.0,60.0,1.2,1.2,1.8,0.25,0.5,0.538,1000.0,600.0,400.0,
ジャパンパイル,JP-NPRC105,節杭,700-600,700.0,600.0,90.0,標準,105.0,Ⅱ,10.0,16,1256.0,510.0,D16,16,3178.0,502.0,144200.0,162300.0,11826000.0,11826000.0,4834300000.0,5411100000.0,18037000.0,6.2,6.5,50.0,6.0,65.0,6.0,50.0,219.5,303.1,451.2,675.3,245.0,512.0,388.0,322.0,769.0,581.0,483.0,542.0,417.0,351.0,813.0,625.0,527.0,3863.0,149200.0,4997600000.0,6.7,237.0,443.0,288.0,375.0,3476.0,40000.0,1275.0,1420.0,200000.0,490.0,345.0,205000.0,215.0,195.0,345.0,30.0,60.0,1.2,1.2,1.8,0.25,0.5,0.493,1000.0,600.0,400.0,
ジャパンパイル,JP-NPRC105,節杭,800-600,800.0,600.0,90.0,標準,105.0,Ⅲ,10.0,16,1256.0,510.0,D19,16,4584.0,498.0,144200.0,168100.0,11826000.0,11826000.0,4834300000.0,5584700000.0,18616000.0,6.0,6.5,50.0,6.0,65.0,6.0,50.0,222.6,324.9,518.5,771.8,250.0,538.0,405.0,335.0,807.0,607.0,502.0,567.0,434.0,364.0,851.0,651.0,546.0,4034.0,149200.0,4997600000.0,6.7,237.0,443.0,288.0,375.0,3476.0,40000.0,1275.0,1420.0,200000.0,490.0,345.0,205000.0,215.0,195.0,345.0,30.0,60.0,1.2,1.2,1.8,0.25,0.5,0.538,1000.0,600.0,400.0,
ジャパンパイル,JP-NPRC105,節杭,700-600,700.0,600.0,90.0,標準,105.0,Ⅲ,10.0,16,1256.0,510.0,D19,16,4584.0,498.0,144200.0,168100.0,11826000.0,11826000.0,4834300000.0,5584700000.0,18616000.0,6.0,6.5,50.0,6.0,65.0,6.0,50.0,222.6,324.9,518.5,771.8,250.0,538.0,405.0,335.0,807.0,607.0,502.0,567.0,434.0,364.0,851.0,651.0,546.0,4034.0,149200.0,4997600000.0,6.7,237.0,443.0,288.0,375.0,3476.0,40000.0,1275.0,1420.0,200000.0,490.0,345.0,205000.0,215.0,195.0,345.0,30.0,60.0,1.2,1.2,1.8,0.25,0.5,0.493,1000.0,600.0,400.0,
ジャパンパイル,JP-NPRC105,節杭,800-600,800.0,600.0,90.0,標準,105.0,Ⅳ,10.0,16,1256.0,510.0,D22,16,6194.0,495.0,144200.0,174800.0,11826000.0,11826000.0,4834300000.0,5781300000.0,19271000.0,5.8,6.5,50.0,6.0,65.0,6.0,50.0,226.4,348.5,594.5,879.3,255.0,561.0,421.0,346.0,842.0,631.0,520.0,591.0,450.0,376.0,886.0,675.0,564.0,4230.0,149200.0,4997600000.0,6.7,237.0,443.0,288.0,375.0,3476.0,40000.0,1275.0,1420.0,200000.0,490.0,345.0,205000.0,215.0,195.0,345.0,30.0,60.0,1.2,1.2,1.8,0.25,0.5,0.538,1000.0,600.0,400.0,
ジャパンパイル,JP-NPRC105,節杭,700-600,700.0,600.0,90.0,標準,105.0,Ⅳ,10.0,16,1256.0,510.0,D22,16,6194.0,495.0,144200.0,174800.0,11826000.0,11826000.0,4834300000.0,5781300000.0,19271000.0,5.8,6.5,50.0,6.0,65.0,6.0,50.0,226.4,348.5,594.5,879.3,255.0,561.0,421.0,346.0,842.0,631.0,520.0,591.0,450.0,376.0,886.0,675.0,564.0,4230.0,149200.0,4997600000.0,6.7,237.0,443.0,288.0,375.0,3476.0,40000.0,1275.0,1420.0,200000.0,490.0,345.0,205000.0,215.0,195.0,345.0,30.0,60.0,1.2,1.2,1.8,0.25,0.5,0.493,1000.0,600.0,400.0,
ジャパンパイル,JP-NPRC105,節杭,800-600,800.0,600.0,90.0,標準,105.0,Ⅴ,10.0,16,1256.0,510.0,D25,16,8107.0,491.0,144200.0,182700.0,11826000.0,11826000.0,4834300000.0,6007000000.0,20023000.0,5.6,6.5,50.0,6.0,65.0,6.0,50.0,232.3,374.8,682.9,1002.0,261.0,585.0,436.0,358.0,877.0,655.0,537.0,614.0,466.0,388.0,921.0,699.0,581.0,4458.0,149200.0,4997600000.0,6.7,237.0,443.0,288.0,375.0,3476.0,40000.0,1275.0,1420.0,200000.0,490.0,345.0,205000.0,215.0,195.0,345.0,30.0,60.0,1.2,1.2,1.8,0.25,0.5,0.538,1000.0,600.0,400.0,
ジャパンパイル,JP-NPRC105,節杭,700-600,700.0,600.0,90.0,標準,105.0,Ⅴ,10.0,16,1256.0,510.0,D25,16,8107.0,491.0,144200.0,182700.0,11826000.0,11826000.0,4834300000.0,6007000000.0,20023000.0,5.6,6.5,50.0,6.0,65.0,6.0,50.0,232.3,374.8,682.9,1002.0,261.0,585.0,436.0,358.0,877.0,655.0,537.0,614.0,466.0,388.0,921.0,699.0,581.0,4458.0,149200.0,4997600000.0,6.7,237.0,443.0,288.0,375.0,3476.0,40000.0,1275.0,1420.0,200000.0,490.0,345.0,205000.0,215.0,195.0,345.0,30.0,60.0,1.2,1.2,1.8,0.25,0.5,0.493,1000.0,600.0,400.0,
ジャパンパイル,JP-NPRC105,節杭,800-600,800.0,600.0,90.0,標準,105.0,Ⅵ,10.0,16,1256.0,510.0,D29,16,10278.0,488.0,144200.0,191600.0,11826000.0,11826000.0,4834300000.0,6261700000.0,20872000.0,5.4,6.5,50.0,6.0,65.0,6.0,50.0,237.9,403.5,781.6,1137.0,268.0,607.0,452.0,370.0,911.0,677.0,554.0,636.0,481.0,399.0,955.0,721.0,598.0,4713.0,149200.0,4997600000.0,6.7,237.0,443.0,288.0,375.0,3476.0,40000.0,1275.0,1420.0,200000.0,490.0,345.0,205000.0,215.0,195.0,345.0,30.0,60.0,1.2,1.2,1.8,0.25,0.5,0.538,1000.0,600.0,400.0,
ジャパンパイル,JP-NPRC105,節杭,700-600,700.0,600.0,90.0,標準,105.0,Ⅵ,10.0,16,1256.0,510.0,D29,16,10278.0,488.0,144200.0,191600.0,11826000.0,11826000.0,4834300000.0,6261700000.0,20872000.0,5.4,6.5,50.0,6.0,65.0,6.0,50.0,237.9,403.5,781.6,1137.0,268.0,607.0,452.0,370.0,911.0,677.0,554.0,636.0,481.0,399.0,955.0,721.0,598.0,4713.0,149200.0,4997600000.0,6.7,237.0,443.0,288.0,375.0,3476.0,40000.0,1275.0,1420.0,200000.0,490.0,345.0,205000.0,215.0,195.0,345.0,30.0,60.0,1.2,1.2,1.8,0.25,0.5,0.493,1000.0,600.0,400.0,
ジャパンパイル,JP-NPRC105,節杭,800-600,800.0,600.0,110.0,特厚,105.0,Ⅰ,10.0,16,1256.0,510.0,D13,16,2027.0,506.0,169300.0,182700.0,13427000.0,13427333.333333334,5338200000.0,5769600000.0,19232000.0,5.6,6.5,50.0,6.0,65.0,6.0,50.0,223.1,300.5,396.7,594.2,270.0,514.0,389.0,322.0,772.0,583.0,483.0,543.0,417.0,351.0,815.0,626.0,526.0,4458.0,174300.0,5501500000.0,5.8,244.0,443.0,324.0,425.0,4218.0,40000.0,1275.0,1420.0,200000.0,490.0,345.0,205000.0,215.0,195.0,345.0,30.0,60.0,1.2,1.2,1.8,0.25,0.5,0.603,1000.0,600.0,400.0,
ジャパンパイル,JP-NPRC105,節杭,700-600,700.0,600.0,110.0,特厚,105.0,Ⅰ,10.0,16,1256.0,510.0,D13,16,2027.0,506.0,169300.0,182700.0,13427000.0,13427333.333333334,5338200000.0,5769600000.0,19232000.0,5.6,6.5,50.0,6.0,65.0,6.0,50.0,223.1,300.5,396.7,594.2,270.0,514.0,389.0,322.0,772.0,583.0,483.0,543.0,417.0,351.0,815.0,626.0,526.0,4458.0,174300.0,5501500000.0,5.8,244.0,443.0,324.0,425.0,4218.0,40000.0,1275.0,1420.0,200000.0,490.0,345.0,205000.0,215.0,195.0,345.0,30.0,60.0,1.2,1.2,1.8,0.25,0.5,0.558,1000.0,600.0,400.0,
ジャパンパイル,JP-NPRC105,節杭,800-600,800.0,600.0,110.0,特厚,105.0,Ⅱ,10.0,16,1256.0,510.0,D16,16,3178.0,502.0,169300.0,187500.0,13427000.0,13427333.333333334,5338200000.0,5915100000.0,19717000.0,5.5,6.5,50.0,6.0,65.0,6.0,50.0,226.7,322.2,454.0,676.0,275.0,543.0,408.0,337.0,814.0,612.0,505.0,572.0,437.0,366.0,857.0,655.0,548.0,4594.0,174300.0,5501500000.0,5.8,244.0,443.0,324.0,425.0,4218.0,40000.0,1275.0,1420.0,200000.0,490.0,345.0,205000.0,215.0,195.0,345.0,30.0,60.0,1.2,1.2,1.8,0.25,0.5,0.603,1000.0,600.0,400.0,
ジャパンパイル,JP-NPRC105,節杭,700-600,700.0,600.0,110.0,特厚,105.0,Ⅱ,10.0,16,1256.0,510.0,D16,16,3178.0,502.0,169300.0,187500.0,13427000.0,13427333.333333334,5338200000.0,5915100000.0,19717000.0,5.5,6.5,50.0,6.0,65.0,6.0,50.0,226.7,322.2,454.0,676.0,275.0,543.0,408.0,337.0,814.0,612.0,505.0,572.0,437.0,366.0,857.0,655.0,548.0,4594.0,174300.0,5501500000.0,5.8,244.0,443.0,324.0,425.0,4218.0,40000.0,1275.0,1420.0,200000.0,490.0,345.0,205000.0,215.0,195.0,345.0,30.0,60.0,1.2,1.2,1.8,0.25,0.5,0.558,1000.0,600.0,400.0,
ジャパンパイル,JP-NPRC105,節杭,800-600,800.0,600.0,110.0,特厚,105.0,Ⅲ,10.0,16,1256.0,510.0,D19,16,4584.0,498.0,169300.0,193300.0,13427000.0,13427333.333333334,5338200000.0,6088600000.0,20295000.0,5.3,6.5,50.0,6.0,65.0,6.0,50.0,229.3,346.0,519.8,772.9,279.0,570.0,426.0,351.0,855.0,640.0,526.0,599.0,455.0,379.0,898.0,683.0,569.0,4775.0,174300.0,5501500000.0,5.8,244.0,443.0,324.0,425.0,4218.0,40000.0,1275.0,1420.0,200000.0,490.0,345.0,205000.0,215.0,195.0,345.0,30.0,60.0,1.2,1.2,1.8,0.25,0.5,0.603,1000.0,600.0,400.0,
ジャパンパイル,JP-NPRC105,節杭,700-600,700.0,600.0,110.0,特厚,105.0,Ⅲ,10.0,16,1256.0,510.0,D19,16,4584.0,498.0,169300.0,193300.0,13427000.0,13427333.333333334,5338200000.0,6088600000.0,20295000.0,5.3,6.5,50.0,6.0,65.0,6.0,50.0,229.3,346.0,519.8,772.9,279.0,570.0,426.0,351.0,855.0,640.0,526.0,599.0,455.0,379.0,898.0,683.0,569.0,4775.0,174300.0,5501500000.0,5.8,244.0,443.0,324.0,425.0,4218.0,40000.0,1275.0,1420.0,200000.0,490.0,345.0,205000.0,215.0,195.0,345.0,30.0,60.0,1.2,1.2,1.8,0.25,0.5,0.558,1000.0,600.0,400.0,
ジャパンパイル,JP-NPRC105,節杭,800-600,800.0,600.0,110.0,特厚,105.0,Ⅲ,10.0,16,1256.0,510.0,D22,16,6194.0,495.0,169300.0,199900.0,13427000.0,13427333.333333334,5338200000.0,6285200000.0,20951000.0,5.2,6.5,50.0,6.0,65.0,6.0,50.0,234.6,372.0,597.9,881.6,285.0,596.0,444.0,364.0,894.0,666.0,546.0,625.0,473.0,393.0,938.0,709.0,589.0,4958.0,174300.0,5501500000.0,5.8,244.0,443.0,324.0,425.0,4218.0,40000.0,1275.0,1420.0,200000.0,490.0,345.0,205000.0,215.0,195.0,345.0,30.0,60.0,1.2,1.2,1.8,0.25,0.5,0.603,1000.0,600.0,400.0,
ジャパンパイル,JP-NPRC105,節杭,700-600,700.0,600.0,110.0,特厚,105.0,Ⅲ,10.0,16,1256.0,510.0,D22,16,6194.0,495.0,169300.0,199900.0,13427000.0,13427333.333333334,5338200000.0,6285200000.0,20951000.0,5.2,6.5,50.0,6.0,65.0,6.0,50.0,234.6,372.0,597.9,881.6,285.0,596.0,444.0,364.0,894.0,666.0,546.0,625.0,473.0,393.0,938.0,709.0,589.0,4958.0,174300.0,5501500000.0,5.8,244.0,443.0,324.0,425.0,4218.0,40000.0,1275.0,1420.0,200000.0,490.0,345.0,205000.0,215.0,195.0,345.0,30.0,60.0,1.2,1.2,1.8,0.25,0.5,0.558,1000.0,600.0,400.0,
ジャパンパイル,JP-NPRC105,節杭,800-600,800.0,600.0,110.0,特厚,105.0,Ⅴ,10.0,16,1256.0,510.0,D25,16,8107.0,491.0,169300.0,207800.0,13427000.0,13427333.333333334,5338200000.0,6510900000.0,21703000.0,5.0,6.5,50.0,6.0,65.0,6.0,50.0,238.7,400.2,685.5,1006.0,291.0,622.0,461.0,377.0,932.0,692.0,565.0,650.0,490.0,406.0,975.0,735.0,608.0,5195.0,174300.0,5501500000.0,5.8,244.0,443.0,324.0,425.0,4218.0,40000.0,1275.0,1420.0,200000.0,490.0,345.0,205000.0,215.0,195.0,345.0,30.0,60.0,1.2,1.2,1.8,0.25,0.5,0.603,1000.0,600.0,400.0,
ジャパンパイル,JP-NPRC105,節杭,700-600,700.0,600.0,110.0,特厚,105.0,Ⅴ,10.0,16,1256.0,510.0,D25,16,8107.0,491.0,169300.0,207800.0,13427000.0,13427333.333333334,5338200000.0,6510900000.0,21703000.0,5.0,6.5,50.0,6.0,65.0,6.0,50.0,238.7,400.2,685.5,1006.0,291.0,622.0,461.0,377.0,932.0,692.0,565.0,650.0,490.0,406.0,975.0,735.0,608.0,5195.0,174300.0,5501500000.0,5.8,244.0,443.0,324.0,425.0,4218.0,40000.0,1275.0,1420.0,200000.0,490.0,345.0,205000.0,215.0,195.0,345.0,30.0,60.0,1.2,1.2,1.8,0.25,0.5,0.558,1000.0,600.0,400.0,
ジャパンパイル,JP-NPRC105,節杭,800-600,800.0,600.0,110.0,特厚,105.0,Ⅵ,10.0,16,1256.0,510.0,D29,16,10278.0,488.0,169300.0,216800.0,13427000.0,13427333.333333334,5338200000.0,6765600000.0,22552000.0,4.8,6.5,50.0,6.0,65.0,6.0,50.0,243.6,431.0,782.8,1143.0,297.0,646.0,478.0,389.0,969.0,716.0,584.0,675.0,506.0,418.0,1012.0,760.0,627.0,5463.0,174300.0,5501500000.0,5.8,244.0,443.0,324.0,425.0,4218.0,40000.0,1275.0,1420.0,200000.0,490.0,345.0,205000.0,215.0,195.0,345.0,30.0,60.0,1.2,1.2,1.8,0.25,0.5,0.603,1000.0,600.0,400.0,
ジャパンパイル,JP-NPRC105,節杭,700-600,700.0,600.0,110.0,特厚,105.0,Ⅵ,10.0,16,1256.0,510.0,D29,16,10278.0,488.0,169300.0,216800.0,13427000.0,13427333.333333334,5338200000.0,6765600000.0,22552000.0,4.8,6.5,50.0,6.0,65.0,6.0,50.0,243.6,431.0,782.8,1143.0,297.0,646.0,478.0,389.0,969.0,716.0,584.0,675.0,506.0,418.0,1012.0,760.0,627.0,5463.0,174300.0,5501500000.0,5.8,244.0,443.0,324.0,425.0,4218.0,40000.0,1275.0,1420.0,200000.0,490.0,345.0,205000.0,215.0,195.0,345.0,30.0,60.0,1.2,1.2,1.8,0.25,0.5,0.558,1000.0,600.0,400.0,
ジャパンパイル,JP-NPRC105,節杭,900-700,900.0,700.0,100.0,標準,105.0,ⅠA,11.2,16,1600.0,600.0,D13,16,2027.0,597.0,188500.0,203300.0,18617000.0,18166666.666666668,8718000000.0,9379100000.0,26798000.0,6.3,8.5,70.0,7.5,90.0,7.5,60.0,326.5,423.1,560.4,845.4,310.0,627.0,479.0,401.0,941.0,719.0,602.0,683.0,535.0,457.0,1024.0,802.0,685.0,4818.0,194900.0,9005900000.0,6.5,361.0,664.0,372.0,485.0,4580.0,40000.0,1275.0,1420.0,200000.0,490.0,345.0,205000.0,215.0,195.0,345.0,30.0,60.0,1.2,1.2,1.8,0.25,0.5,0.682,1000.0,600.0,400.0,"カタログ印字の So=18,617×10³ は誤植 (正: 18,167×10³)。SoFromSection を使うこと"
ジャパンパイル,JP-NPRC105,節杭,800-700,800.0,700.0,100.0,標準,105.0,ⅠA,11.2,16,1600.0,600.0,D13,16,2027.0,597.0,188500.0,203300.0,18617000.0,18166666.666666668,8718000000.0,9379100000.0,26798000.0,6.3,8.5,70.0,7.5,90.0,7.5,60.0,326.5,423.1,560.4,845.4,310.0,627.0,479.0,401.0,941.0,719.0,602.0,683.0,535.0,457.0,1024.0,802.0,685.0,4818.0,194900.0,9005900000.0,6.5,361.0,664.0,372.0,485.0,4580.0,40000.0,1275.0,1420.0,200000.0,490.0,345.0,205000.0,215.0,195.0,345.0,30.0,60.0,1.2,1.2,1.8,0.25,0.5,0.568,1000.0,600.0,400.0,"カタログ印字の So=18,617×10³ は誤植 (正: 18,167×10³)。SoFromSection を使うこと"
ジャパンパイル,JP-NPRC105,節杭,900-700,900.0,700.0,100.0,標準,105.0,ⅠB,11.2,16,1600.0,600.0,D19,8,2292.0,589.0,188500.0,204400.0,18617000.0,18166666.666666668,8718000000.0,9416700000.0,26905000.0,6.3,8.5,70.0,7.5,90.0,7.5,60.0,326.5,428.1,577.8,867.5,311.0,635.0,484.0,405.0,952.0,727.0,608.0,691.0,540.0,461.0,1036.0,810.0,691.0,4844.0,194900.0,9005900000.0,6.5,361.0,664.0,372.0,485.0,4580.0,40000.0,1275.0,1420.0,200000.0,490.0,345.0,205000.0,215.0,195.0,345.0,30.0,60.0,1.2,1.2,1.8,0.25,0.5,0.682,1000.0,600.0,400.0,"カタログ印字の So=18,617×10³ は誤植 (正: 18,167×10³)。SoFromSection を使うこと"
ジャパンパイル,JP-NPRC105,節杭,800-700,800.0,700.0,100.0,標準,105.0,ⅠB,11.2,16,1600.0,600.0,D19,8,2292.0,589.0,188500.0,204400.0,18617000.0,18166666.666666668,8718000000.0,9416700000.0,26905000.0,6.3,8.5,70.0,7.5,90.0,7.5,60.0,326.5,428.1,577.8,867.5,311.0,635.0,484.0,405.0,952.0,727.0,608.0,691.0,540.0,461.0,1036.0,810.0,691.0,4844.0,194900.0,9005900000.0,6.5,361.0,664.0,372.0,485.0,4580.0,40000.0,1275.0,1420.0,200000.0,490.0,345.0,205000.0,215.0,195.0,345.0,30.0,60.0,1.2,1.2,1.8,0.25,0.5,0.568,1000.0,600.0,400.0,"カタログ印字の So=18,617×10³ は誤植 (正: 18,167×10³)。SoFromSection を使うこと"
ジャパンパイル,JP-NPRC105,節杭,900-700,900.0,700.0,100.0,標準,105.0,ⅡA,11.2,16,1600.0,600.0,D22,8,3097.0,586.0,188500.0,207700.0,18617000.0,18166666.666666668,8718000000.0,9555200000.0,27301000.0,6.2,8.5,70.0,7.5,90.0,7.5,60.0,329.7,444.6,623.9,936.1,313.0,656.0,499.0,416.0,983.0,748.0,624.0,711.0,554.0,471.0,1067.0,831.0,707.0,4943.0,194900.0,9005900000.0,6.5,361.0,664.0,372.0,485.0,4580.0,40000.0,1275.0,1420.0,200000.0,490.0,345.0,205000.0,215.0,195.0,345.0,30.0,60.0,1.2,1.2,1.8,0.25,0.5,0.682,1000.0,600.0,400.0,"カタログ印字の So=18,617×10³ は誤植 (正: 18,167×10³)。SoFromSection を使うこと"
ジャパンパイル,JP-NPRC105,節杭,800-700,800.0,700.0,100.0,標準,105.0,ⅡA,11.2,16,1600.0,600.0,D22,8,3097.0,586.0,188500.0,207700.0,18617000.0,18166666.666666668,8718000000.0,9555200000.0,27301000.0,6.2,8.5,70.0,7.5,90.0,7.5,60.0,329.7,444.6,623.9,936.1,313.0,656.0,499.0,416.0,983.0,748.0,624.0,711.0,554.0,471.0,1067.0,831.0,707.0,4943.0,194900.0,9005900000.0,6.5,361.0,664.0,372.0,485.0,4580.0,40000.0,1275.0,1420.0,200000.0,490.0,345.0,205000.0,215.0,195.0,345.0,30.0,60.0,1.2,1.2,1.8,0.25,0.5,0.568,1000.0,600.0,400.0,"カタログ印字の So=18,617×10³ は誤植 (正: 18,167×10³)。SoFromSection を使うこと"
ジャパンパイル,JP-NPRC105,節杭,900-700,900.0,700.0,100.0,標準,105.0,ⅡB,11.2,16,1600.0,600.0,D16,16,3178.0,593.0,188500.0,208000.0,18617000.0,18166666.666666668,8718000000.0,9583100000.0,27380000.0,6.2,8.5,70.0,7.5,90.0,7.5,60.0,329.7,447.8,628.8,944.4,314.0,658.0,500.0,417.0,986.0,750.0,625.0,713.0,556.0,473.0,1070.0,833.0,709.0,4950.0,194900.0,9005900000.0,6.5,361.0,664.0,372.0,485.0,4580.0,40000.0,1275.0,1420.0,200000.0,490.0,345.0,205000.0,215.0,195.0,345.0,30.0,60.0,1.2,1.2,1.8,0.25,0.5,0.682,1000.0,600.0,400.0,"カタログ印字の So=18,617×10³ は誤植 (正: 18,167×10³)。SoFromSection を使うこと"
ジャパンパイル,JP-NPRC105,節杭,800-700,800.0,700.0,100.0,標準,105.0,ⅡB,11.2,16,1600.0,600.0,D16,16,3178.0,593.0,188500.0,208000.0,18617000.0,18166666.666666668,8718000000.0,9583100000.0,27380000.0,6.2,8.5,70.0,7.5,90.0,7.5,60.0,329.7,447.8,628.8,944.4,314.0,658.0,500.0,417.0,986.0,750.0,625.0,713.0,556.0,473.0,1070.0,833.0,709.0,4950.0,194900.0,9005900000.0,6.5,361.0,664.0,372.0,485.0,4580.0,40000.0,1275.0,1420.0,200000.0,490.0,345.0,205000.0,215.0,195.0,345.0,30.0,60.0,1.2,1.2,1.8,0.25,0.5,0.568,1000.0,600.0,400.0,"カタログ印字の So=18,617×10³ は誤植 (正: 18,167×10³)。SoFromSection を使うこと"
ジャパンパイル,JP-NPRC105,節杭,900-700,900.0,700.0,100.0,標準,105.0,Ⅲ,11.2,16,1600.0,600.0,D19,16,4584.0,589.0,188500.0,213800.0,18617000.0,18166666.666666668,8718000000.0,9827400000.0,28078000.0,6.0,8.5,70.0,7.5,90.0,7.5,60.0,336.0,475.4,707.1,1061.0,318.0,687.0,520.0,432.0,1031.0,780.0,648.0,743.0,576.0,487.0,1114.0,864.0,731.0,5131.0,194900.0,9005900000.0,6.5,361.0,664.0,372.0,485.0,4580.0,40000.0,1275.0,1420.0,200000.0,490.0,345.0,205000.0,215.0,195.0,345.0,30.0,60.0,1.2,1.2,1.8,0.25,0.5,0.682,1000.0,600.0,400.0,"カタログ印字の So=18,617×10³ は誤植 (正: 18,167×10³)。SoFromSection を使うこと"
ジャパンパイル,JP-NPRC105,節杭,800-700,800.0,700.0,100.0,標準,105.0,Ⅲ,11.2,16,1600.0,600.0,D19,16,4584.0,589.0,188500.0,213800.0,18617000.0,18166666.666666668,8718000000.0,9827400000.0,28078000.0,6.0,8.5,70.0,7.5,90.0,7.5,60.0,336.0,475.4,707.1,1061.0,318.0,687.0,520.0,432.0,1031.0,780.0,648.0,743.0,576.0,487.0,1114.0,864.0,731.0,5131.0,194900.0,9005900000.0,6.5,361.0,664.0,372.0,485.0,4580.0,40000.0,1275.0,1420.0,200000.0,490.0,345.0,205000.0,215.0,195.0,345.0,30.0,60.0,1.2,1.2,1.8,0.25,0.5,0.568,1000.0,600.0,400.0,"カタログ印字の So=18,617×10³ は誤植 (正: 18,167×10³)。SoFromSection を使うこと"
ジャパンパイル,JP-NPRC105,節杭,900-700,900.0,700.0,100.0,標準,105.0,Ⅳ,11.2,16,1600.0,600.0,D22,16,6194.0,586.0,188500.0,220400.0,18617000.0,18166666.666666668,8718000000.0,10105000000.0,28870000.0,5.9,8.5,70.0,7.5,90.0,7.5,60.0,342.4,505.7,800.9,1191.0,325.0,716.0,540.0,447.0,1074.0,809.0,670.0,772.0,595.0,502.0,1158.0,893.0,753.0,5312.0,194900.0,9005900000.0,6.5,361.0,664.0,372.0,485.0,4580.0,40000.0,1275.0,1420.0,200000.0,490.0,345.0,205000.0,215.0,195.0,345.0,30.0,60.0,1.2,1.2,1.8,0.25,0.5,0.682,1000.0,600.0,400.0,"カタログ印字の So=18,617×10³ は誤植 (正: 18,167×10³)。SoFromSection を使うこと"
ジャパンパイル,JP-NPRC105,節杭,800-700,800.0,700.0,100.0,標準,105.0,Ⅳ,11.2,16,1600.0,600.0,D22,16,6194.0,586.0,188500.0,220400.0,18617000.0,18166666.666666668,8718000000.0,10105000000.0,28870000.0,5.9,8.5,70.0,7.5,90.0,7.5,60.0,342.4,505.7,800.9,1191.0,325.0,716.0,540.0,447.0,1074.0,809.0,670.0,772.0,595.0,502.0,1158.0,893.0,753.0,5312.0,194900.0,9005900000.0,6.5,361.0,664.0,372.0,485.0,4580.0,40000.0,1275.0,1420.0,200000.0,490.0,345.0,205000.0,215.0,195.0,345.0,30.0,60.0,1.2,1.2,1.8,0.25,0.5,0.568,1000.0,600.0,400.0,"カタログ印字の So=18,617×10³ は誤植 (正: 18,167×10³)。SoFromSection を使うこと"
ジャパンパイル,JP-NPRC105,節杭,900-700,900.0,700.0,100.0,標準,105.0,Ⅴ,11.2,16,1600.0,600.0,D25,16,8107.0,582.0,188500.0,228300.0,18617000.0,18166666.666666668,8718000000.0,10424000000.0,29784000.0,5.7,8.5,70.0,7.5,90.0,7.5,60.0,347.0,539.1,905.9,1342.0,330.0,744.0,559.0,461.0,1116.0,838.0,691.0,800.0,614.0,516.0,1200.0,921.0,775.0,5548.0,194900.0,9005900000.0,6.5,361.0,664.0,372.0,485.0,4580.0,40000.0,1275.0,1420.0,200000.0,490.0,345.0,205000.0,215.0,195.0,345.0,30.0,60.0,1.2,1.2,1.8,0.25,0.5,0.682,1000.0,600.0,400.0,"カタログ印字の So=18,617×10³ は誤植 (正: 18,167×10³)。SoFromSection を使うこと"
ジャパンパイル,JP-NPRC105,節杭,800-700,800.0,700.0,100.0,標準,105.0,Ⅴ,11.2,16,1600.0,600.0,D25,16,8107.0,582.0,188500.0,228300.0,18617000.0,18166666.666666668,8718000000.0,10424000000.0,29784000.0,5.7,8.5,70.0,7.5,90.0,7.5,60.0,347.0,539.1,905.9,1342.0,330.0,744.0,559.0,461.0,1116.0,838.0,691.0,800.0,614.0,516.0,1200.0,921.0,775.0,5548.0,194900.0,9005900000.0,6.5,361.0,664.0,372.0,485.0,4580.0,40000.0,1275.0,1420.0,200000.0,490.0,345.0,205000.0,215.0,195.0,345.0,30.0,60.0,1.2,1.2,1.8,0.25,0.5,0.568,1000.0,600.0,400.0,"カタログ印字の So=18,617×10³ は誤植 (正: 18,167×10³)。SoFromSection を使うこと"
ジャパンパイル,JP-NPRC105,節杭,900-700,900.0,700.0,100.0,標準,105.0,Ⅵ,11.2,16,1600.0,600.0,D29,16,10278.0,579.0,188500.0,237300.0,18617000.0,18166666.666666668,8718000000.0,10786000000.0,30817000.0,5.5,8.5,70.0,7.5,90.0,7.5,60.0,352.5,575.8,1023.0,1508.0,337.0,771.0,577.0,474.0,1157.0,865.0,711.0,827.0,632.0,530.0,1240.0,949.0,795.0,5814.0,194900.0,9005900000.0,6.5,361.0,664.0,372.0,485.0,4580.0,40000.0,1275.0,1420.0,200000.0,490.0,345.0,205000.0,215.0,195.0,345.0,30.0,60.0,1.2,1.2,1.8,0.25,0.5,0.682,1000.0,600.0,400.0,"カタログ印字の So=18,617×10³ は誤植 (正: 18,167×10³)。SoFromSection を使うこと"
ジャパンパイル,JP-NPRC105,節杭,800-700,800.0,700.0,100.0,標準,105.0,Ⅵ,11.2,16,1600.0,600.0,D29,16,10278.0,579.0,188500.0,237300.0,18617000.0,18166666.666666668,8718000000.0,10786000000.0,30817000.0,5.5,8.5,70.0,7.5,90.0,7.5,60.0,352.5,575.8,1023.0,1508.0,337.0,771.0,577.0,474.0,1157.0,865.0,711.0,827.0,632.0,530.0,1240.0,949.0,795.0,5814.0,194900.0,9005900000.0,6.5,361.0,664.0,372.0,485.0,4580.0,40000.0,1275.0,1420.0,200000.0,490.0,345.0,205000.0,215.0,195.0,345.0,30.0,60.0,1.2,1.2,1.8,0.25,0.5,0.568,1000.0,600.0,400.0,"カタログ印字の So=18,617×10³ は誤植 (正: 18,167×10³)。SoFromSection を使うこと"
ジャパンパイル,JP-NPRC105,節杭,900-700,900.0,700.0,100.0,標準,105.0,Ⅶ,11.2,16,1600.0,600.0,D32,16,12707.0,575.0,188500.0,247300.0,18617000.0,18166666.666666668,8718000000.0,11176000000.0,31932000.0,5.3,8.5,70.0,7.5,90.0,7.5,60.0,360.8,614.2,1152.0,1687.0,344.0,797.0,594.0,487.0,1196.0,891.0,731.0,853.0,650.0,543.0,1279.0,975.0,814.0,6108.0,194900.0,9005900000.0,6.5,361.0,664.0,372.0,485.0,4580.0,40000.0,1275.0,1420.0,200000.0,490.0,345.0,205000.0,215.0,195.0,345.0,30.0,60.0,1.2,1.2,1.8,0.25,0.5,0.682,1000.0,600.0,400.0,"カタログ印字の So=18,617×10³ は誤植 (正: 18,167×10³)。SoFromSection を使うこと"
ジャパンパイル,JP-NPRC105,節杭,800-700,800.0,700.0,100.0,標準,105.0,Ⅶ,11.2,16,1600.0,600.0,D32,16,12707.0,575.0,188500.0,247300.0,18617000.0,18166666.666666668,8718000000.0,11176000000.0,31932000.0,5.3,8.5,70.0,7.5,90.0,7.5,60.0,360.8,614.2,1152.0,1687.0,344.0,797.0,594.0,487.0,1196.0,891.0,731.0,853.0,650.0,543.0,1279.0,975.0,814.0,6108.0,194900.0,9005900000.0,6.5,361.0,664.0,372.0,485.0,4580.0,40000.0,1275.0,1420.0,200000.0,490.0,345.0,205000.0,215.0,195.0,345.0,30.0,60.0,1.2,1.2,1.8,0.25,0.5,0.568,1000.0,600.0,400.0,"カタログ印字の So=18,617×10³ は誤植 (正: 18,167×10³)。SoFromSection を使うこと"
ジャパンパイル,JP-NPRC105,節杭,900-700,900.0,700.0,120.0,特厚,105.0,ⅠA,11.2,16,1600.0,600.0,D13,16,2027.0,597.0,218700.0,233400.0,20472000.0,20472000.0,9588000000.0,10249000000.0,29283000.0,5.6,8.5,70.0,7.5,90.0,7.5,60.0,339.7,446.1,563.5,845.6,343.0,662.0,502.0,418.0,993.0,753.0,627.0,717.0,557.0,473.0,1075.0,836.0,710.0,5695.0,225100.0,9876000000.0,5.7,374.0,664.0,414.0,543.0,5470.0,40000.0,1275.0,1420.0,200000.0,490.0,345.0,205000.0,215.0,195.0,345.0,30.0,60.0,1.2,1.2,1.8,0.25,0.5,0.76,1000.0,600.0,400.0,
ジャパンパイル,JP-NPRC105,節杭,800-700,800.0,700.0,120.0,特厚,105.0,ⅠA,11.2,16,1600.0,600.0,D13,16,2027.0,597.0,218700.0,233400.0,20472000.0,20472000.0,9588000000.0,10249000000.0,29283000.0,5.6,8.5,70.0,7.5,90.0,7.5,60.0,339.7,446.1,563.5,845.6,343.0,662.0,502.0,418.0,993.0,753.0,627.0,717.0,557.0,473.0,1075.0,836.0,710.0,5695.0,225100.0,9876000000.0,5.7,374.0,664.0,414.0,543.0,5470.0,40000.0,1275.0,1420.0,200000.0,490.0,345.0,205000.0,215.0,195.0,345.0,30.0,60.0,1.2,1.2,1.8,0.25,0.5,0.709,1000.0,600.0,400.0,
ジャパンパイル,JP-NPRC105,節杭,900-700,900.0,700.0,120.0,特厚,105.0,ⅠB,11.2,16,1600.0,600.0,D19,8,2292.0,589.0,218700.0,234500.0,20472000.0,20472000.0,9588000000.0,10287000000.0,29391000.0,5.5,8.5,70.0,7.5,90.0,7.5,60.0,338.0,450.2,575.6,867.3,342.0,669.0,507.0,422.0,1004.0,761.0,633.0,724.0,562.0,477.0,1086.0,843.0,715.0,5745.0,225100.0,9876000000.0,5.7,374.0,664.0,414.0,543.0,5470.0,40000.0,1275.0,1420.0,200000.0,490.0,345.0,205000.0,215.0,195.0,345.0,30.0,60.0,1.2,1.2,1.8,0.25,0.5,0.76,1000.0,600.0,400.0,
ジャパンパイル,JP-NPRC105,節杭,800-700,800.0,700.0,120.0,特厚,105.0,ⅠB,11.2,16,1600.0,600.0,D19,8,2292.0,589.0,218700.0,234500.0,20472000.0,20472000.0,9588000000.0,10287000000.0,29391000.0,5.5,8.5,70.0,7.5,90.0,7.5,60.0,338.0,450.2,575.6,867.3,342.0,669.0,507.0,422.0,1004.0,761.0,633.0,724.0,562.0,477.0,1086.0,843.0,715.0,5745.0,225100.0,9876000000.0,5.7,374.0,664.0,414.0,543.0,5470.0,40000.0,1275.0,1420.0,200000.0,490.0,345.0,205000.0,215.0,195.0,345.0,30.0,60.0,1.2,1.2,1.8,0.25,0.5,0.709,1000.0,600.0,400.0,
ジャパンパイル,JP-NPRC105,節杭,900-700,900.0,700.0,120.0,特厚,105.0,ⅡA,11.2,16,1600.0,600.0,D22,8,3097.0,586.0,218700.0,237800.0,20472000.0,20472000.0,9588000000.0,10425000000.0,29787000.0,5.5,8.5,70.0,7.5,90.0,7.5,60.0,342.5,470.0,626.7,936.3,347.0,693.0,523.0,434.0,1039.0,785.0,651.0,747.0,578.0,489.0,1121.0,867.0,733.0,5826.0,225100.0,9876000000.0,5.7,374.0,664.0,414.0,543.0,5470.0,40000.0,1275.0,1420.0,200000.0,490.0,345.0,205000.0,215.0,195.0,345.0,30.0,60.0,1.2,1.2,1.8,0.25,0.5,0.76,1000.0,600.0,400.0,
ジャパンパイル,JP-NPRC105,節杭,800-700,800.0,700.0,120.0,特厚,105.0,ⅡA,11.2,16,1600.0,600.0,D22,8,3097.0,586.0,218700.0,237800.0,20472000.0,20472000.0,9588000000.0,10425000000.0,29787000.0,5.5,8.5,70.0,7.5,90.0,7.5,60.0,342.5,470.0,626.7,936.3,347.0,693.0,523.0,434.0,1039.0,785.0,651.0,747.0,578.0,489.0,1121.0,867.0,733.0,5826.0,225100.0,9876000000.0,5.7,374.0,664.0,414.0,543.0,5470.0,40000.0,1275.0,1420.0,200000.0,490.0,345.0,205000.0,215.0,195.0,345.0,30.0,60.0,1.2,1.2,1.8,0.25,0.5,0.709,1000.0,600.0,400.0,
ジャパンパイル,JP-NPRC105,節杭,900-700,900.0,700.0,120.0,特厚,105.0,ⅡB,11.2,16,1600.0,600.0,D16,16,3178.0,593.0,218700.0,238200.0,20472000.0,20472000.0,9588000000.0,10453000000.0,29866000.0,5.5,8.5,70.0,7.5,90.0,7.5,60.0,343.5,473.5,631.4,944.6,347.0,695.0,525.0,435.0,1042.0,787.0,653.0,750.0,580.0,490.0,1124.0,869.0,735.0,5836.0,225100.0,9876000000.0,5.7,374.0,664.0,414.0,543.0,5470.0,40000.0,1275.0,1420.0,200000.0,490.0,345.0,205000.0,215.0,195.0,345.0,30.0,60.0,1.2,1.2,1.8,0.25,0.5,0.76,1000.0,600.0,400.0,
ジャパンパイル,JP-NPRC105,節杭,800-700,800.0,700.0,120.0,特厚,105.0,ⅡB,11.2,16,1600.0,600.0,D16,16,3178.0,593.0,218700.0,238200.0,20472000.0,20472000.0,9588000000.0,10453000000.0,29866000.0,5.5,8.5,70.0,7.5,90.0,7.5,60.0,343.5,473.5,631.4,944.6,347.0,695.0,525.0,435.0,1042.0,787.0,653.0,750.0,580.0,490.0,1124.0,869.0,735.0,5836.0,225100.0,9876000000.0,5.7,374.0,664.0,414.0,543.0,5470.0,40000.0,1275.0,1420.0,200000.0,490.0,345.0,205000.0,215.0,195.0,345.0,30.0,60.0,1.2,1.2,1.8,0.25,0.5,0.709,1000.0,600.0,400.0,
ジャパンパイル,JP-NPRC105,節杭,900-700,900.0,700.0,120.0,特厚,105.0,Ⅲ,11.2,16,1600.0,600.0,D19,16,4584.0,589.0,218700.0,244000.0,20472000.0,20472000.0,9588000000.0,10697000000.0,30564000.0,5.3,8.5,70.0,7.5,90.0,7.5,60.0,345.4,503.7,707.8,1062.0,350.0,727.0,546.0,451.0,1090.0,819.0,677.0,781.0,601.0,506.0,1172.0,902.0,759.0,6027.0,225100.0,9876000000.0,5.7,374.0,664.0,414.0,543.0,5470.0,40000.0,1275.0,1420.0,200000.0,490.0,345.0,205000.0,215.0,195.0,345.0,30.0,60.0,1.2,1.2,1.8,0.25,0.5,0.76,1000.0,600.0,400.0,
ジャパンパイル,JP-NPRC105,節杭,800-700,800.0,700.0,120.0,特厚,105.0,Ⅲ,11.2,16,1600.0,600.0,D19,16,4584.0,589.0,218700.0,244000.0,20472000.0,20472000.0,9588000000.0,10697000000.0,30564000.0,5.3,8.5,70.0,7.5,90.0,7.5,60.0,345.4,503.7,707.8,1062.0,350.0,727.0,546.0,451.0,1090.0,819.0,677.0,781.0,601.0,506.0,1172.0,902.0,759.0,6027.0,225100.0,9876000000.0,5.7,374.0,664.0,414.0,543.0,5470.0,40000.0,1275.0,1420.0,200000.0,490.0,345.0,205000.0,215.0,195.0,345.0,30.0,60.0,1.2,1.2,1.8,0.25,0.5,0.709,1000.0,600.0,400.0,
ジャパンパイル,JP-NPRC105,節杭,900-700,900.0,700.0,120.0,特厚,105.0,Ⅳ,11.2,16,1600.0,600.0,D22,16,6194.0,586.0,218700.0,250600.0,20472000.0,20472000.0,9588000000.0,10975000000.0,31356000.0,5.2,8.5,70.0,7.5,90.0,7.5,60.0,351.2,537.2,800.0,1193.0,357.0,758.0,567.0,467.0,1136.0,851.0,701.0,812.0,622.0,522.0,1219.0,933.0,783.0,6215.0,225100.0,9876000000.0,5.7,374.0,664.0,414.0,543.0,5470.0,40000.0,1275.0,1420.0,200000.0,490.0,345.0,205000.0,215.0,195.0,345.0,30.0,60.0,1.2,1.2,1.8,0.25,0.5,0.76,1000.0,600.0,400.0,
ジャパンパイル,JP-NPRC105,節杭,800-700,800.0,700.0,120.0,特厚,105.0,Ⅳ,11.2,16,1600.0,600.0,D22,16,6194.0,586.0,218700.0,250600.0,20472000.0,20472000.0,9588000000.0,10975000000.0,31356000.0,5.2,8.5,70.0,7.5,90.0,7.5,60.0,351.2,537.2,800.0,1193.0,357.0,758.0,567.0,467.0,1136.0,851.0,701.0,812.0,622.0,522.0,1219.0,933.0,783.0,6215.0,225100.0,9876000000.0,5.7,374.0,664.0,414.0,543.0,5470.0,40000.0,1275.0,1420.0,200000.0,490.0,345.0,205000.0,215.0,195.0,345.0,30.0,60.0,1.2,1.2,1.8,0.25,0.5,0.709,1000.0,600.0,400.0,
ジャパンパイル,JP-NPRC105,節杭,900-700,900.0,700.0,120.0,特厚,105.0,Ⅴ,11.2,16,1600.0,600.0,D25,16,8107.0,582.0,218700.0,258500.0,20472000.0,20472000.0,9588000000.0,11295000000.0,32270000.0,5.1,8.5,70.0,7.5,90.0,7.5,60.0,358.2,573.8,908.4,1346.0,364.0,789.0,589.0,483.0,1183.0,883.0,725.0,843.0,643.0,538.0,1265.0,965.0,807.0,6437.0,225100.0,9876000000.0,5.7,374.0,664.0,414.0,543.0,5470.0,40000.0,1275.0,1420.0,200000.0,490.0,345.0,205000.0,215.0,195.0,345.0,30.0,60.0,1.2,1.2,1.8,0.25,0.5,0.76,1000.0,600.0,400.0,
ジャパンパイル,JP-NPRC105,節杭,800-700,800.0,700.0,120.0,特厚,105.0,Ⅴ,11.2,16,1600.0,600.0,D25,16,8107.0,582.0,218700.0,258500.0,20472000.0,20472000.0,9588000000.0,11295000000.0,32270000.0,5.1,8.5,70.0,7.5,90.0,7.5,60.0,358.2,573.8,908.4,1346.0,364.0,789.0,589.0,483.0,1183.0,883.0,725.0,843.0,643.0,538.0,1265.0,965.0,807.0,6437.0,225100.0,9876000000.0,5.7,374.0,664.0,414.0,543.0,5470.0,40000.0,1275.0,1420.0,200000.0,490.0,345.0,205000.0,215.0,195.0,345.0,30.0,60.0,1.2,1.2,1.8,0.25,0.5,0.709,1000.0,600.0,400.0,
ジャパンパイル,JP-NPRC105,節杭,900-700,900.0,700.0,120.0,特厚,105.0,Ⅵ,11.2,16,1600.0,600.0,D29,16,10278.0,579.0,218700.0,267500.0,20472000.0,20472000.0,9588000000.0,11656000000.0,33303000.0,4.9,8.5,70.0,7.5,90.0,7.5,60.0,363.0,613.1,1024.0,1514.0,370.0,818.0,608.0,498.0,1227.0,912.0,747.0,873.0,663.0,553.0,1309.0,994.0,829.0,6714.0,225100.0,9876000000.0,5.7,374.0,664.0,414.0,543.0,5470.0,40000.0,1275.0,1420.0,200000.0,490.0,345.0,205000.0,215.0,195.0,345.0,30.0,60.0,1.2,1.2,1.8,0.25,0.5,0.76,1000.0,600.0,400.0,
ジャパンパイル,JP-NPRC105,節杭,800-700,800.0,700.0,120.0,特厚,105.0,Ⅵ,11.2,16,1600.0,600.0,D29,16,10278.0,579.0,218700.0,267500.0,20472000.0,20472000.0,9588000000.0,11656000000.0,33303000.0,4.9,8.5,70.0,7.5,90.0,7.5,60.0,363.0,613.1,1024.0,1514.0,370.0,818.0,608.0,498.0,1227.0,912.0,747.0,873.0,663.0,553.0,1309.0,994.0,829.0,6714.0,225100.0,9876000000.0,5.7,374.0,664.0,414.0,543.0,5470.0,40000.0,1275.0,1420.0,200000.0,490.0,345.0,205000.0,215.0,195.0,345.0,30.0,60.0,1.2,1.2,1.8,0.25,0.5,0.709,1000.0,600.0,400.0,
ジャパンパイル,JP-NPRC105,節杭,900-700,900.0,700.0,120.0,特厚,105.0,Ⅶ,11.2,16,1600.0,600.0,D32,16,12707.0,575.0,218700.0,277500.0,20472000.0,20472000.0,9588000000.0,12046000000.0,34418000.0,4.8,8.5,70.0,7.5,90.0,7.5,60.0,371.7,653.8,1157.0,1696.0,379.0,846.0,628.0,512.0,1270.0,942.0,769.0,901.0,683.0,567.0,1352.0,1024.0,851.0,6993.0,225100.0,9876000000.0,5.7,374.0,664.0,414.0,543.0,5470.0,40000.0,1275.0,1420.0,200000.0,490.0,345.0,205000.0,215.0,195.0,345.0,30.0,60.0,1.2,1.2,1.8,0.25,0.5,0.76,1000.0,600.0,400.0,
ジャパンパイル,JP-NPRC105,節杭,800-700,800.0,700.0,120.0,特厚,105.0,Ⅶ,11.2,16,1600.0,600.0,D32,16,12707.0,575.0,218700.0,277500.0,20472000.0,20472000.0,9588000000.0,12046000000.0,34418000.0,4.8,8.5,70.0,7.5,90.0,7.5,60.0,371.7,653.8,1157.0,1696.0,379.0,846.0,628.0,512.0,1270.0,942.0,769.0,901.0,683.0,567.0,1352.0,1024.0,851.0,6993.0,225100.0,9876000000.0,5.7,374.0,664.0,414.0,543.0,5470.0,40000.0,1275.0,1420.0,200000.0,490.0,345.0,205000.0,215.0,195.0,345.0,30.0,60.0,1.2,1.2,1.8,0.25,0.5,0.709,1000.0,600.0,400.0,
ジャパンパイル,JP-NPRC105,節杭,1000-800,1000.0,800.0,110.0,標準,105.0,ⅠA,11.2,18,1800.0,700.0,D13,18,2281.0,697.0,238400.0,255100.0,26407000.0,26407333.333333332,14551000000.0,15564000000.0,38911000.0,5.7,8.5,60.0,7.5,75.0,7.5,50.0,453.9,595.0,736.3,1113.0,373.0,783.0,600.0,503.0,1175.0,900.0,755.0,864.0,681.0,584.0,1296.0,1021.0,876.0,6199.0,245600.0,14992000000.0,5.9,503.0,868.0,452.0,592.0,5919.0,40000.0,1275.0,1420.0,200000.0,490.0,345.0,205000.0,215.0,195.0,345.0,30.0,60.0,1.2,1.2,1.8,0.25,0.5,0.836,1000.0,600.0,400.0,
ジャパンパイル,JP-NPRC105,節杭,900-800,900.0,800.0,110.0,標準,105.0,ⅠA,11.2,18,1800.0,700.0,D13,18,2281.0,697.0,238400.0,255100.0,26407000.0,26407333.333333332,14551000000.0,15564000000.0,38911000.0,5.7,8.5,60.0,7.5,75.0,7.5,50.0,453.9,595.0,736.3,1113.0,373.0,783.0,600.0,503.0,1175.0,900.0,755.0,864.0,681.0,584.0,1296.0,1021.0,876.0,6199.0,245600.0,14992000000.0,5.9,503.0,868.0,452.0,592.0,5919.0,40000.0,1275.0,1420.0,200000.0,490.0,345.0,205000.0,215.0,195.0,345.0,30.0,60.0,1.2,1.2,1.8,0.25,0.5,0.779,1000.0,600.0,400.0,
ジャパンパイル,JP-NPRC105,節杭,1000-800,1000.0,800.0,110.0,標準,105.0,ⅠB,11.2,18,1800.0,700.0,D19,9,2579.0,689.0,238400.0,256300.0,26407000.0,26407333.333333332,14551000000.0,15624000000.0,39061000.0,5.7,8.5,60.0,7.5,75.0,7.5,50.0,453.9,603.1,759.2,1143.0,375.0,793.0,607.0,508.0,1190.0,910.0,762.0,874.0,687.0,589.0,1311.0,1031.0,884.0,6228.0,245600.0,14992000000.0,5.9,503.0,868.0,452.0,592.0,5919.0,40000.0,1275.0,1420.0,200000.0,490.0,345.0,205000.0,215.0,195.0,345.0,30.0,60.0,1.2,1.2,1.8,0.25,0.5,0.836,1000.0,600.0,400.0,
ジャパンパイル,JP-NPRC105,節杭,900-800,900.0,800.0,110.0,標準,105.0,ⅠB,11.2,18,1800.0,700.0,D19,9,2579.0,689.0,238400.0,256300.0,26407000.0,26407333.333333332,14551000000.0,15624000000.0,39061000.0,5.7,8.5,60.0,7.5,75.0,7.5,50.0,453.9,603.1,759.2,1143.0,375.0,793.0,607.0,508.0,1190.0,910.0,762.0,874.0,687.0,589.0,1311.0,1031.0,884.0,6228.0,245600.0,14992000000.0,5.9,503.0,868.0,452.0,592.0,5919.0,40000.0,1275.0,1420.0,200000.0,490.0,345.0,205000.0,215.0,195.0,345.0,30.0,60.0,1.2,1.2,1.8,0.25,0.5,0.779,1000.0,600.0,400.0,
ジャパンパイル,JP-NPRC105,節杭,1000-800,1000.0,800.0,110.0,標準,105.0,ⅡA,11.2,18,1800.0,700.0,D22,9,3484.0,686.0,238400.0,260000.0,26407000.0,26407333.333333332,14551000000.0,15839000000.0,39597000.0,5.6,8.5,60.0,7.5,75.0,7.5,50.0,457.5,628.1,819.5,1235.0,377.0,819.0,624.0,521.0,1228.0,936.0,782.0,900.0,705.0,602.0,1350.0,1057.0,903.0,6344.0,245600.0,14992000000.0,5.9,503.0,868.0,452.0,592.0,5919.0,40000.0,1275.0,1420.0,200000.0,490.0,345.0,205000.0,215.0,195.0,345.0,30.0,60.0,1.2,1.2,1.8,0.25,0.5,0.836,1000.0,600.0,400.0,
ジャパンパイル,JP-NPRC105,節杭,900-800,900.0,800.0,110.0,標準,105.0,ⅡA,11.2,18,1800.0,700.0,D22,9,3484.0,686.0,238400.0,260000.0,26407000.0,26407333.333333332,14551000000.0,15839000000.0,39597000.0,5.6,8.5,60.0,7.5,75.0,7.5,50.0,457.5,628.1,819.5,1235.0,377.0,819.0,624.0,521.0,1228.0,936.0,782.0,900.0,705.0,602.0,1350.0,1057.0,903.0,6344.0,245600.0,14992000000.0,5.9,503.0,868.0,452.0,592.0,5919.0,40000.0,1275.0,1420.0,200000.0,490.0,345.0,205000.0,215.0,195.0,345.0,30.0,60.0,1.2,1.2,1.8,0.25,0.5,0.779,1000.0,600.0,400.0,
ジャパンパイル,JP-NPRC105,節杭,1000-800,1000.0,800.0,110.0,標準,105.0,ⅡB,11.2,18,1800.0,700.0,D16,18,3575.0,693.0,238400.0,260400.0,26407000.0,26407333.333333332,14551000000.0,15879000000.0,39697000.0,5.6,8.5,60.0,7.5,75.0,7.5,50.0,457.5,632.6,826.0,1246.0,378.0,821.0,626.0,523.0,1232.0,939.0,784.0,902.0,707.0,603.0,1353.0,1060.0,905.0,6354.0,245600.0,14992000000.0,5.9,503.0,868.0,452.0,592.0,5919.0,40000.0,1275.0,1420.0,200000.0,490.0,345.0,205000.0,215.0,195.0,345.0,30.0,60.0,1.2,1.2,1.8,0.25,0.5,0.836,1000.0,600.0,400.0,
ジャパンパイル,JP-NPRC105,節杭,900-800,900.0,800.0,110.0,標準,105.0,ⅡB,11.2,18,1800.0,700.0,D16,18,3575.0,693.0,238400.0,260400.0,26407000.0,26407333.333333332,14551000000.0,15879000000.0,39697000.0,5.6,8.5,60.0,7.5,75.0,7.5,50.0,457.5,632.6,826.0,1246.0,378.0,821.0,626.0,523.0,1232.0,939.0,784.0,902.0,707.0,603.0,1353.0,1060.0,905.0,6354.0,245600.0,14992000000.0,5.9,503.0,868.0,452.0,592.0,5919.0,40000.0,1275.0,1420.0,200000.0,490.0,345.0,205000.0,215.0,195.0,345.0,30.0,60.0,1.2,1.2,1.8,0.25,0.5,0.779,1000.0,600.0,400.0,
ジャパンパイル,JP-NPRC105,節杭,1000-800,1000.0,800.0,110.0,標準,105.0,Ⅲ,11.2,18,1800.0,700.0,D19,18,5157.0,689.0,238400.0,266900.0,26407000.0,26407333.333333332,14551000000.0,16256000000.0,40641000.0,5.5,8.5,60.0,7.5,75.0,7.5,50.0,464.8,674.9,934.6,1405.0,384.0,859.0,651.0,542.0,1288.0,977.0,813.0,940.0,732.0,623.0,1410.0,1098.0,934.0,6539.0,245600.0,14992000000.0,5.9,503.0,868.0,452.0,592.0,5919.0,40000.0,1275.0,1420.0,200000.0,490.0,345.0,205000.0,215.0,195.0,345.0,30.0,60.0,1.2,1.2,1.8,0.25,0.5,0.836,1000.0,600.0,400.0,
ジャパンパイル,JP-NPRC105,節杭,900-800,900.0,800.0,110.0,標準,105.0,Ⅲ,11.2,18,1800.0,700.0,D19,18,5157.0,689.0,238400.0,266900.0,26407000.0,26407333.333333332,14551000000.0,16256000000.0,40641000.0,5.5,8.5,60.0,7.5,75.0,7.5,50.0,464.8,674.9,934.6,1405.0,384.0,859.0,651.0,542.0,1288.0,977.0,813.0,940.0,732.0,623.0,1410.0,1098.0,934.0,6539.0,245600.0,14992000000.0,5.9,503.0,868.0,452.0,592.0,5919.0,40000.0,1275.0,1420.0,200000.0,490.0,345.0,205000.0,215.0,195.0,345.0,30.0,60.0,1.2,1.2,1.8,0.25,0.5,0.779,1000.0,600.0,400.0,
ジャパンパイル,JP-NPRC105,節杭,1000-800,1000.0,800.0,110.0,標準,105.0,Ⅳ,11.2,18,1800.0,700.0,D22,18,6968.0,686.0,238400.0,274400.0,26407000.0,26407333.333333332,14551000000.0,16686000000.0,41714000.0,5.4,8.5,60.0,7.5,75.0,7.5,50.0,472.3,719.8,1056.0,1581.0,391.0,895.0,676.0,560.0,1342.0,1014.0,841.0,976.0,757.0,641.0,1463.0,1135.0,962.0,6750.0,245600.0,14992000000.0,5.9,503.0,868.0,452.0,592.0,5919.0,40000.0,1275.0,1420.0,200000.0,490.0,345.0,205000.0,215.0,195.0,345.0,30.0,60.0,1.2,1.2,1.8,0.25,0.5,0.836,1000.0,600.0,400.0,
ジャパンパイル,JP-NPRC105,節杭,900-800,900.0,800.0,110.0,標準,105.0,Ⅳ,11.2,18,1800.0,700.0,D22,18,6968.0,686.0,238400.0,274400.0,26407000.0,26407333.333333332,14551000000.0,16686000000.0,41714000.0,5.4,8.5,60.0,7.5,75.0,7.5,50.0,472.3,719.8,1056.0,1581.0,391.0,895.0,676.0,560.0,1342.0,1014.0,841.0,976.0,757.0,641.0,1463.0,1135.0,962.0,6750.0,245600.0,14992000000.0,5.9,503.0,868.0,452.0,592.0,5919.0,40000.0,1275.0,1420.0,200000.0,490.0,345.0,205000.0,215.0,195.0,345.0,30.0,60.0,1.2,1.2,1.8,0.25,0.5,0.779,1000.0,600.0,400.0,
ジャパンパイル,JP-NPRC105,節杭,1000-800,1000.0,800.0,110.0,標準,105.0,Ⅴ,11.2,18,1800.0,700.0,D25,18,9121.0,682.0,238400.0,283300.0,26407000.0,26407333.333333332,14551000000.0,17183000000.0,42958000.0,5.2,8.5,60.0,7.5,75.0,7.5,50.0,477.1,768.9,1193.0,1783.0,397.0,929.0,699.0,578.0,1394.0,1049.0,867.0,1010.0,780.0,659.0,1515.0,1170.0,988.0,7026.0,245600.0,14992000000.0,5.9,503.0,868.0,452.0,592.0,5919.0,40000.0,1275.0,1420.0,200000.0,490.0,345.0,205000.0,215.0,195.0,345.0,30.0,60.0,1.2,1.2,1.8,0.25,0.5,0.836,1000.0,600.0,400.0,
ジャパンパイル,JP-NPRC105,節杭,900-800,900.0,800.0,110.0,標準,105.0,Ⅴ,11.2,18,1800.0,700.0,D25,18,9121.0,682.0,238400.0,283300.0,26407000.0,26407333.333333332,14551000000.0,17183000000.0,42958000.0,5.2,8.5,60.0,7.5,75.0,7.5,50.0,477.1,768.9,1193.0,1783.0,397.0,929.0,699.0,578.0,1394.0,1049.0,867.0,1010.0,780.0,659.0,1515.0,1170.0,988.0,7026.0,245600.0,14992000000.0,5.9,503.0,868.0,452.0,592.0,5919.0,40000.0,1275.0,1420.0,200000.0,490.0,345.0,205000.0,215.0,195.0,345.0,30.0,60.0,1.2,1.2,1.8,0.25,0.5,0.779,1000.0,600.0,400.0,
ジャパンパイル,JP-NPRC105,節杭,1000-800,1000.0,800.0,110.0,標準,105.0,Ⅵ,11.2,18,1800.0,700.0,D29,18,11563.0,679.0,238400.0,293300.0,26407000.0,26407333.333333332,14551000000.0,17745000000.0,44363000.0,5.0,8.5,60.0,7.5,75.0,7.5,50.0,487.5,822.4,1346.0,2007.0,403.0,963.0,722.0,595.0,1444.0,1082.0,892.0,1044.0,803.0,675.0,1566.0,1204.0,1013.0,7333.0,245600.0,14992000000.0,5.9,503.0,868.0,452.0,592.0,5919.0,40000.0,1275.0,1420.0,200000.0,490.0,345.0,205000.0,215.0,195.0,345.0,30.0,60.0,1.2,1.2,1.8,0.25,0.5,0.836,1000.0,600.0,400.0,
ジャパンパイル,JP-NPRC105,節杭,900-800,900.0,800.0,110.0,標準,105.0,Ⅵ,11.2,18,1800.0,700.0,D29,18,11563.0,679.0,238400.0,293300.0,26407000.0,26407333.333333332,14551000000.0,17745000000.0,44363000.0,5.0,8.5,60.0,7.5,75.0,7.5,50.0,487.5,822.4,1346.0,2007.0,403.0,963.0,722.0,595.0,1444.0,1082.0,892.0,1044.0,803.0,675.0,1566.0,1204.0,1013.0,7333.0,245600.0,14992000000.0,5.9,503.0,868.0,452.0,592.0,5919.0,40000.0,1275.0,1420.0,200000.0,490.0,345.0,205000.0,215.0,195.0,345.0,30.0,60.0,1.2,1.2,1.8,0.25,0.5,0.779,1000.0,600.0,400.0,
ジャパンパイル,JP-NPRC105,節杭,1000-800,1000.0,800.0,110.0,標準,105.0,Ⅶ,11.2,18,1800.0,700.0,D32,18,14296.0,675.0,238400.0,304600.0,26407000.0,26407333.333333332,14551000000.0,18356000000.0,45890000.0,4.9,8.5,60.0,7.5,75.0,7.5,50.0,500.2,877.6,1522.0,2250.0,414.0,996.0,744.0,612.0,1494.0,1116.0,917.0,1077.0,825.0,692.0,1615.0,1238.0,1039.0,7645.0,245600.0,14992000000.0,5.9,503.0,868.0,452.0,592.0,5919.0,40000.0,1275.0,1420.0,200000.0,490.0,345.0,205000.0,215.0,195.0,345.0,30.0,60.0,1.2,1.2,1.8,0.25,0.5,0.836,1000.0,600.0,400.0,
ジャパンパイル,JP-NPRC105,節杭,900-800,900.0,800.0,110.0,標準,105.0,Ⅶ,11.2,18,1800.0,700.0,D32,18,14296.0,675.0,238400.0,304600.0,26407000.0,26407333.333333332,14551000000.0,18356000000.0,45890000.0,4.9,8.5,60.0,7.5,75.0,7.5,50.0,500.2,877.6,1522.0,2250.0,414.0,996.0,744.0,612.0,1494.0,1116.0,917.0,1077.0,825.0,692.0,1615.0,1238.0,1039.0,7645.0,245600.0,14992000000.0,5.9,503.0,868.0,452.0,592.0,5919.0,40000.0,1275.0,1420.0,200000.0,490.0,345.0,205000.0,215.0,195.0,345.0,30.0,60.0,1.2,1.2,1.8,0.25,0.5,0.779,1000.0,600.0,400.0,
ジャパンパイル,JP-NPRC105,節杭,1000-800,1000.0,800.0,130.0,特厚,105.0,ⅠA,11.2,18,1800.0,700.0,D13,18,2281.0,697.0,273600.0,290200.0,29545000.0,29544666.666666668,15932000000.0,16945000000.0,42364000.0,5.1,8.5,60.0,7.5,75.0,7.5,50.0,470.2,606.7,740.3,1113.0,410.0,825.0,628.0,524.0,1237.0,941.0,785.0,905.0,707.0,603.0,1357.0,1061.0,905.0,7226.0,280800.0,16373000000.0,5.2,521.0,868.0,499.0,657.0,6964.0,40000.0,1275.0,1420.0,200000.0,490.0,345.0,205000.0,215.0,195.0,345.0,30.0,60.0,1.2,1.2,1.8,0.25,0.5,0.927,1000.0,600.0,400.0,
ジャパンパイル,JP-NPRC105,節杭,900-800,900.0,800.0,130.0,特厚,105.0,ⅠA,11.2,18,1800.0,700.0,D13,18,2281.0,697.0,273600.0,290200.0,29545000.0,29544666.666666668,15932000000.0,16945000000.0,42364000.0,5.1,8.5,60.0,7.5,75.0,7.5,50.0,470.2,606.7,740.3,1113.0,410.0,825.0,628.0,524.0,1237.0,941.0,785.0,905.0,707.0,603.0,1357.0,1061.0,905.0,7226.0,280800.0,16373000000.0,5.2,521.0,868.0,499.0,657.0,6964.0,40000.0,1275.0,1420.0,200000.0,490.0,345.0,205000.0,215.0,195.0,345.0,30.0,60.0,1.2,1.2,1.8,0.25,0.5,0.87,1000.0,600.0,400.0,
ジャパンパイル,JP-NPRC105,節杭,1000-800,1000.0,800.0,130.0,特厚,105.0,ⅠB,11.2,18,1800.0,700.0,D19,9,2579.0,689.0,273600.0,291500.0,29545000.0,29544666.666666668,15932000000.0,17005000000.0,42513000.0,5.1,8.5,60.0,7.5,75.0,7.5,50.0,471.9,621.1,762.9,1143.0,411.0,835.0,635.0,529.0,1253.0,952.0,794.0,915.0,715.0,609.0,1372.0,1072.0,913.0,7258.0,280800.0,16373000000.0,5.2,521.0,868.0,499.0,657.0,6964.0,40000.0,1275.0,1420.0,200000.0,490.0,345.0,205000.0,215.0,195.0,345.0,30.0,60.0,1.2,1.2,1.8,0.25,0.5,0.927,1000.0,600.0,400.0,
ジャパンパイル,JP-NPRC105,節杭,900-800,900.0,800.0,130.0,特厚,105.0,ⅠB,11.2,18,1800.0,700.0,D19,9,2579.0,689.0,273600.0,291500.0,29545000.0,29544666.666666668,15932000000.0,17005000000.0,42513000.0,5.1,8.5,60.0,7.5,75.0,7.5,50.0,471.9,621.1,762.9,1143.0,411.0,835.0,635.0,529.0,1253.0,952.0,794.0,915.0,715.0,609.0,1372.0,1072.0,913.0,7258.0,280800.0,16373000000.0,5.2,521.0,868.0,499.0,657.0,6964.0,40000.0,1275.0,1420.0,200000.0,490.0,345.0,205000.0,215.0,195.0,345.0,30.0,60.0,1.2,1.2,1.8,0.25,0.5,0.87,1000.0,600.0,400.0,
ジャパンパイル,JP-NPRC105,節杭,1000-800,1000.0,800.0,130.0,特厚,105.0,ⅡA,11.2,18,1800.0,700.0,D22,9,3484.0,686.0,273600.0,295200.0,29545000.0,29544666.666666668,15932000000.0,17220000000.0,43050000.0,5.0,8.5,60.0,7.5,75.0,7.5,50.0,473.5,655.3,821.8,1235.0,413.0,863.0,653.0,543.0,1294.0,980.0,815.0,943.0,733.0,623.0,1414.0,1100.0,934.0,7380.0,280800.0,16373000000.0,5.2,521.0,868.0,499.0,657.0,6964.0,40000.0,1275.0,1420.0,200000.0,490.0,345.0,205000.0,215.0,195.0,345.0,30.0,60.0,1.2,1.2,1.8,0.25,0.5,0.927,1000.0,600.0,400.0,
ジャパンパイル,JP-NPRC105,節杭,900-800,900.0,800.0,130.0,特厚,105.0,ⅡA,11.2,18,1800.0,700.0,D22,9,3484.0,686.0,273600.0,295200.0,29545000.0,29544666.666666668,15932000000.0,17220000000.0,43050000.0,5.0,8.5,60.0,7.5,75.0,7.5,50.0,473.5,655.3,821.8,1235.0,413.0,863.0,653.0,543.0,1294.0,980.0,815.0,943.0,733.0,623.0,1414.0,1100.0,934.0,7380.0,280800.0,16373000000.0,5.2,521.0,868.0,499.0,657.0,6964.0,40000.0,1275.0,1420.0,200000.0,490.0,345.0,205000.0,215.0,195.0,345.0,30.0,60.0,1.2,1.2,1.8,0.25,0.5,0.87,1000.0,600.0,400.0,
ジャパンパイル,JP-NPRC105,節杭,1000-800,1000.0,800.0,130.0,特厚,105.0,ⅡB,11.2,18,1800.0,700.0,D16,18,3575.0,693.0,273600.0,295600.0,29545000.0,29544666.666666668,15932000000.0,17260000000.0,43150000.0,5.0,8.5,60.0,7.5,75.0,7.5,50.0,474.6,659.2,828.1,1246.0,414.0,865.0,655.0,544.0,1298.0,983.0,817.0,945.0,735.0,624.0,1418.0,1103.0,936.0,7390.0,280800.0,16373000000.0,5.2,521.0,868.0,499.0,657.0,6964.0,40000.0,1275.0,1420.0,200000.0,490.0,345.0,205000.0,215.0,195.0,345.0,30.0,60.0,1.2,1.2,1.8,0.25,0.5,0.927,1000.0,600.0,400.0,
ジャパンパイル,JP-NPRC105,節杭,900-800,900.0,800.0,130.0,特厚,105.0,ⅡB,11.2,18,1800.0,700.0,D16,18,3575.0,693.0,273600.0,295600.0,29545000.0,29544666.666666668,15932000000.0,17260000000.0,43150000.0,5.0,8.5,60.0,7.5,75.0,7.5,50.0,474.6,659.2,828.1,1246.0,414.0,865.0,655.0,544.0,1298.0,983.0,817.0,945.0,735.0,624.0,1418.0,1103.0,936.0,7390.0,280800.0,16373000000.0,5.2,521.0,868.0,499.0,657.0,6964.0,40000.0,1275.0,1420.0,200000.0,490.0,345.0,205000.0,215.0,195.0,345.0,30.0,60.0,1.2,1.2,1.8,0.25,0.5,0.87,1000.0,600.0,400.0,
ジャパンパイル,JP-NPRC105,節杭,1000-800,1000.0,800.0,130.0,特厚,105.0,Ⅲ,11.2,18,1800.0,700.0,D19,18,5157.0,689.0,273600.0,302100.0,29545000.0,29544666.666666668,15932000000.0,17638000000.0,44094000.0,4.9,8.5,60.0,7.5,75.0,7.5,50.0,480.6,711.2,935.3,1405.0,420.0,906.0,683.0,565.0,1359.0,1024.0,848.0,986.0,763.0,645.0,1478.0,1144.0,968.0,7583.0,280800.0,16373000000.0,5.2,521.0,868.0,499.0,657.0,6964.0,40000.0,1275.0,1420.0,200000.0,490.0,345.0,205000.0,215.0,195.0,345.0,30.0,60.0,1.2,1.2,1.8,0.25,0.5,0.927,1000.0,600.0,400.0,
ジャパンパイル,JP-NPRC105,節杭,900-800,900.0,800.0,130.0,特厚,105.0,Ⅲ,11.2,18,1800.0,700.0,D19,18,5157.0,689.0,273600.0,302100.0,29545000.0,29544666.666666668,15932000000.0,17638000000.0,44094000.0,4.9,8.5,60.0,7.5,75.0,7.5,50.0,480.6,711.2,935.3,1405.0,420.0,906.0,683.0,565.0,1359.0,1024.0,848.0,986.0,763.0,645.0,1478.0,1144.0,968.0,7583.0,280800.0,16373000000.0,5.2,521.0,868.0,499.0,657.0,6964.0,40000.0,1275.0,1420.0,200000.0,490.0,345.0,205000.0,215.0,195.0,345.0,30.0,60.0,1.2,1.2,1.8,0.25,0.5,0.87,1000.0,600.0,400.0,
ジャパンパイル,JP-NPRC105,節杭,1000-800,1000.0,800.0,130.0,特厚,105.0,Ⅳ,11.2,18,1800.0,700.0,D22,18,6968.0,686.0,273600.0,309600.0,29545000.0,29544666.666666668,15932000000.0,18067000000.0,45167000.0,4.8,8.5,60.0,7.5,75.0,7.5,50.0,487.8,760.4,1057.0,1582.0,427.0,944.0,709.0,585.0,1416.0,1064.0,878.0,1024.0,789.0,665.0,1536.0,1183.0,997.0,7802.0,280800.0,16373000000.0,5.2,521.0,868.0,499.0,657.0,6964.0,40000.0,1275.0,1420.0,200000.0,490.0,345.0,205000.0,215.0,195.0,345.0,30.0,60.0,1.2,1.2,1.8,0.25,0.5,0.927,1000.0,600.0,400.0,
ジャパンパイル,JP-NPRC105,節杭,900-800,900.0,800.0,130.0,特厚,105.0,Ⅳ,11.2,18,1800.0,700.0,D22,18,6968.0,686.0,273600.0,309600.0,29545000.0,29544666.666666668,15932000000.0,18067000000.0,45167000.0,4.8,8.5,60.0,7.5,75.0,7.5,50.0,487.8,760.4,1057.0,1582.0,427.0,944.0,709.0,585.0,1416.0,1064.0,878.0,1024.0,789.0,665.0,1536.0,1183.0,997.0,7802.0,280800.0,16373000000.0,5.2,521.0,868.0,499.0,657.0,6964.0,40000.0,1275.0,1420.0,200000.0,490.0,345.0,205000.0,215.0,195.0,345.0,30.0,60.0,1.2,1.2,1.8,0.25,0.5,0.87,1000.0,600.0,400.0,
ジャパンパイル,JP-NPRC105,節杭,1000-800,1000.0,800.0,130.0,特厚,105.0,Ⅴ,11.2,18,1800.0,700.0,D25,18,9121.0,682.0,273600.0,318500.0,29545000.0,29544666.666666668,15932000000.0,18564000000.0,46410000.0,4.7,8.5,60.0,7.5,75.0,7.5,50.0,496.6,813.8,1198.0,1787.0,435.0,982.0,735.0,605.0,1474.0,1103.0,907.0,1062.0,815.0,685.0,1593.0,1222.0,1027.0,8058.0,280800.0,16373000000.0,5.2,521.0,868.0,499.0,657.0,6964.0,40000.0,1275.0,1420.0,200000.0,490.0,345.0,205000.0,215.0,195.0,345.0,30.0,60.0,1.2,1.2,1.8,0.25,0.5,0.927,1000.0,600.0,400.0,
ジャパンパイル,JP-NPRC105,節杭,900-800,900.0,800.0,130.0,特厚,105.0,Ⅴ,11.2,18,1800.0,700.0,D25,18,9121.0,682.0,273600.0,318500.0,29545000.0,29544666.666666668,15932000000.0,18564000000.0,46410000.0,4.7,8.5,60.0,7.5,75.0,7.5,50.0,496.6,813.8,1198.0,1787.0,435.0,982.0,735.0,605.0,1474.0,1103.0,907.0,1062.0,815.0,685.0,1593.0,1222.0,1027.0,8058.0,280800.0,16373000000.0,5.2,521.0,868.0,499.0,657.0,6964.0,40000.0,1275.0,1420.0,200000.0,490.0,345.0,205000.0,215.0,195.0,345.0,30.0,60.0,1.2,1.2,1.8,0.25,0.5,0.87,1000.0,600.0,400.0,
ジャパンパイル,JP-NPRC105,節杭,1000-800,1000.0,800.0,130.0,特厚,105.0,Ⅵ,11.2,18,1800.0,700.0,D29,18,11563.0,679.0,273600.0,328500.0,29545000.0,29544666.666666668,15932000000.0,19126000000.0,47816000.0,4.5,8.5,60.0,7.5,75.0,7.5,50.0,502.1,871.0,1349.0,2013.0,440.0,1018.0,759.0,623.0,1528.0,1139.0,934.0,1098.0,839.0,702.0,1647.0,1259.0,1054.0,8377.0,280800.0,16373000000.0,5.2,521.0,868.0,499.0,657.0,6964.0,40000.0,1275.0,1420.0,200000.0,490.0,345.0,205000.0,215.0,195.0,345.0,30.0,60.0,1.2,1.2,1.8,0.25,0.5,0.927,1000.0,600.0,400.0,
ジャパンパイル,JP-NPRC105,節杭,900-800,900.0,800.0,130.0,特厚,105.0,Ⅵ,11.2,18,1800.0,700.0,D29,18,11563.0,679.0,273600.0,328500.0,29545000.0,29544666.666666668,15932000000.0,19126000000.0,47816000.0,4.5,8.5,60.0,7.5,75.0,7.5,50.0,502.1,871.0,1349.0,2013.0,440.0,1018.0,759.0,623.0,1528.0,1139.0,934.0,1098.0,839.0,702.0,1647.0,1259.0,1054.0,8377.0,280800.0,16373000000.0,5.2,521.0,868.0,499.0,657.0,6964.0,40000.0,1275.0,1420.0,200000.0,490.0,345.0,205000.0,215.0,195.0,345.0,30.0,60.0,1.2,1.2,1.8,0.25,0.5,0.87,1000.0,600.0,400.0,
ジャパンパイル,JP-NPRC105,節杭,1000-800,1000.0,800.0,130.0,特厚,105.0,Ⅶ,11.2,18,1800.0,700.0,D32,18,14296.0,675.0,273600.0,339800.0,29545000.0,29544666.666666668,15932000000.0,19737000000.0,49343000.0,4.4,8.5,60.0,7.5,75.0,7.5,50.0,513.2,930.1,1524.0,2259.0,450.0,1054.0,784.0,641.0,1581.0,1175.0,961.0,1134.0,863.0,721.0,1701.0,1295.0,1081.0,8699.0,280800.0,16373000000.0,5.2,521.0,868.0,499.0,657.0,6964.0,40000.0,1275.0,1420.0,200000.0,490.0,345.0,205000.0,215.0,195.0,345.0,30.0,60.0,1.2,1.2,1.8,0.25,0.5,0.927,1000.0,600.0,400.0,
ジャパンパイル,JP-NPRC105,節杭,900-800,900.0,800.0,130.0,特厚,105.0,Ⅶ,11.2,18,1800.0,700.0,D32,18,14296.0,675.0,273600.0,339800.0,29545000.0,29544666.666666668,15932000000.0,19737000000.0,49343000.0,4.4,8.5,60.0,7.5,75.0,7.5,50.0,513.2,930.1,1524.0,2259.0,450.0,1054.0,784.0,641.0,1581.0,1175.0,961.0,1134.0,863.0,721.0,1701.0,1295.0,1081.0,8699.0,280800.0,16373000000.0,5.2,521.0,868.0,499.0,657.0,6964.0,40000.0,1275.0,1420.0,200000.0,490.0,345.0,205000.0,215.0,195.0,345.0,30.0,60.0,1.2,1.2,1.8,0.25,0.5,0.87,1000.0,600.0,400.0,
ジャパンパイル,JP-NPRC105,節杭,1100-900,1100.0,900.0,120.0,標準,105.0,ⅠA,11.2,20,2000.0,790.0,D13,20,2534.0,787.0,294100.0,312500.0,36792000.0,36792000.0,22892000000.0,24326000000.0,54059000.0,5.2,8.5,55.0,7.5,70.0,7.5,45.0,609.3,766.8,935.5,1410.0,440.0,952.0,730.0,613.0,1429.0,1095.0,920.0,1051.0,829.0,712.0,1577.0,1244.0,1068.0,7750.0,302100.0,23485000000.0,5.4,672.0,1098.0,537.0,706.0,7432.0,40000.0,1275.0,1420.0,200000.0,490.0,345.0,205000.0,215.0,195.0,345.0,30.0,60.0,1.2,1.2,1.8,0.25,0.5,1.005,1000.0,600.0,400.0,
ジャパンパイル,JP-NPRC105,節杭,1000-900,1000.0,900.0,120.0,標準,105.0,ⅠA,11.2,20,2000.0,790.0,D13,20,2534.0,787.0,294100.0,312500.0,36792000.0,36792000.0,22892000000.0,24326000000.0,54059000.0,5.2,8.5,55.0,7.5,70.0,7.5,45.0,609.3,766.8,935.5,1410.0,440.0,952.0,730.0,613.0,1429.0,1095.0,920.0,1051.0,829.0,712.0,1577.0,1244.0,1068.0,7750.0,302100.0,23485000000.0,5.4,672.0,1098.0,537.0,706.0,7432.0,40000.0,1275.0,1420.0,200000.0,490.0,345.0,205000.0,215.0,195.0,345.0,30.0,60.0,1.2,1.2,1.8,0.25,0.5,0.942,1000.0,600.0,400.0,
ジャパンパイル,JP-NPRC105,節杭,1100-900,1100.0,900.0,120.0,標準,105.0,ⅠB,11.2,20,2000.0,790.0,D19,10,2865.0,779.0,294100.0,313900.0,36792000.0,36792000.0,22892000000.0,24414000000.0,54253000.0,5.2,8.5,55.0,7.5,70.0,7.5,45.0,609.3,775.7,954.6,1449.0,438.0,963.0,737.0,618.0,1445.0,1106.0,927.0,1062.0,836.0,717.0,1593.0,1254.0,1076.0,7785.0,302100.0,23485000000.0,5.4,672.0,1098.0,537.0,706.0,7432.0,40000.0,1275.0,1420.0,200000.0,490.0,345.0,205000.0,215.0,195.0,345.0,30.0,60.0,1.2,1.2,1.8,0.25,0.5,1.005,1000.0,600.0,400.0,
ジャパンパイル,JP-NPRC105,節杭,1000-900,1000.0,900.0,120.0,標準,105.0,ⅠB,11.2,20,2000.0,790.0,D19,10,2865.0,779.0,294100.0,313900.0,36792000.0,36792000.0,22892000000.0,24414000000.0,54253000.0,5.2,8.5,55.0,7.5,70.0,7.5,45.0,609.3,775.7,954.6,1449.0,438.0,963.0,737.0,618.0,1445.0,1106.0,927.0,1062.0,836.0,717.0,1593.0,1254.0,1076.0,7785.0,302100.0,23485000000.0,5.4,672.0,1098.0,537.0,706.0,7432.0,40000.0,1275.0,1420.0,200000.0,490.0,345.0,205000.0,215.0,195.0,345.0,30.0,60.0,1.2,1.2,1.8,0.25,0.5,0.942,1000.0,600.0,400.0,
ジャパンパイル,JP-NPRC105,節杭,1100-900,1100.0,900.0,120.0,標準,105.0,ⅡA,11.2,20,2000.0,790.0,D22,10,3871.0,776.0,294100.0,318000.0,36792000.0,36792000.0,22892000000.0,24720000000.0,54933000.0,5.1,8.5,55.0,7.5,70.0,7.5,45.0,613.2,828.7,1039.0,1570.0,443.0,995.0,759.0,635.0,1493.0,1139.0,953.0,1094.0,858.0,734.0,1641.0,1288.0,1101.0,7918.0,302100.0,23485000000.0,5.4,672.0,1098.0,537.0,706.0,7432.0,40000.0,1275.0,1420.0,200000.0,490.0,345.0,205000.0,215.0,195.0,345.0,30.0,60.0,1.2,1.2,1.8,0.25,0.5,1.005,1000.0,600.0,400.0,
ジャパンパイル,JP-NPRC105,節杭,1000-900,1000.0,900.0,120.0,標準,105.0,ⅡA,11.2,20,2000.0,790.0,D22,10,3871.0,776.0,294100.0,318000.0,36792000.0,36792000.0,22892000000.0,24720000000.0,54933000.0,5.1,8.5,55.0,7.5,70.0,7.5,45.0,613.2,828.7,1039.0,1570.0,443.0,995.0,759.0,635.0,1493.0,1139.0,953.0,1094.0,858.0,734.0,1641.0,1288.0,1101.0,7918.0,302100.0,23485000000.0,5.4,672.0,1098.0,537.0,706.0,7432.0,40000.0,1275.0,1420.0,200000.0,490.0,345.0,205000.0,215.0,195.0,345.0,30.0,60.0,1.2,1.2,1.8,0.25,0.5,0.942,1000.0,600.0,400.0,
ジャパンパイル,JP-NPRC105,節杭,1100-900,1100.0,900.0,120.0,標準,105.0,ⅡB,11.2,20,2000.0,790.0,D16,20,3972.0,783.0,294100.0,318400.0,36792000.0,36792000.0,22892000000.0,24773000000.0,55052000.0,5.1,8.5,55.0,7.5,70.0,7.5,45.0,613.2,833.6,1047.0,1583.0,444.0,998.0,761.0,637.0,1497.0,1142.0,955.0,1097.0,860.0,736.0,1646.0,1291.0,1103.0,7928.0,302100.0,23485000000.0,5.4,672.0,1098.0,537.0,706.0,7432.0,40000.0,1275.0,1420.0,200000.0,490.0,345.0,205000.0,215.0,195.0,345.0,30.0,60.0,1.2,1.2,1.8,0.25,0.5,1.005,1000.0,600.0,400.0,
ジャパンパイル,JP-NPRC105,節杭,1000-900,1000.0,900.0,120.0,標準,105.0,ⅡB,11.2,20,2000.0,790.0,D16,20,3972.0,783.0,294100.0,318400.0,36792000.0,36792000.0,22892000000.0,24773000000.0,55052000.0,5.1,8.5,55.0,7.5,70.0,7.5,45.0,613.2,833.6,1047.0,1583.0,444.0,998.0,761.0,637.0,1497.0,1142.0,955.0,1097.0,860.0,736.0,1646.0,1291.0,1103.0,7928.0,302100.0,23485000000.0,5.4,672.0,1098.0,537.0,706.0,7432.0,40000.0,1275.0,1420.0,200000.0,490.0,345.0,205000.0,215.0,195.0,345.0,30.0,60.0,1.2,1.2,1.8,0.25,0.5,0.942,1000.0,600.0,400.0,
ジャパンパイル,JP-NPRC105,節杭,1100-900,1100.0,900.0,120.0,標準,105.0,Ⅲ,11.2,20,2000.0,790.0,D19,20,5730.0,779.0,294100.0,325700.0,36792000.0,36792000.0,22892000000.0,25312000000.0,56248000.0,5.0,8.5,55.0,7.5,70.0,7.5,45.0,621.5,910.9,1183.0,1787.0,450.0,1044.0,793.0,660.0,1566.0,1189.0,990.0,1143.0,892.0,759.0,1714.0,1337.0,1139.0,8143.0,302100.0,23485000000.0,5.4,672.0,1098.0,537.0,706.0,7432.0,40000.0,1275.0,1420.0,200000.0,490.0,345.0,205000.0,215.0,195.0,345.0,30.0,60.0,1.2,1.2,1.8,0.25,0.5,1.005,1000.0,600.0,400.0,
ジャパンパイル,JP-NPRC105,節杭,1000-900,1000.0,900.0,120.0,標準,105.0,Ⅲ,11.2,20,2000.0,790.0,D19,20,5730.0,779.0,294100.0,325700.0,36792000.0,36792000.0,22892000000.0,25312000000.0,56248000.0,5.0,8.5,55.0,7.5,70.0,7.5,45.0,621.5,910.9,1183.0,1787.0,450.0,1044.0,793.0,660.0,1566.0,1189.0,990.0,1143.0,892.0,759.0,1714.0,1337.0,1139.0,8143.0,302100.0,23485000000.0,5.4,672.0,1098.0,537.0,706.0,7432.0,40000.0,1275.0,1420.0,200000.0,490.0,345.0,205000.0,215.0,195.0,345.0,30.0,60.0,1.2,1.2,1.8,0.25,0.5,0.942,1000.0,600.0,400.0,
ジャパンパイル,JP-NPRC105,節杭,1100-900,1100.0,900.0,120.0,標準,105.0,Ⅳ,11.2,20,2000.0,790.0,D22,20,7742.0,776.0,294100.0,334000.0,36792000.0,36792000.0,22892000000.0,25923000000.0,57607000.0,4.9,8.5,55.0,7.5,70.0,7.5,45.0,630.0,973.3,1338.0,2015.0,458.0,1087.0,822.0,682.0,1631.0,1233.0,1023.0,1186.0,921.0,781.0,1779.0,1382.0,1172.0,8383.0,302100.0,23485000000.0,5.4,672.0,1098.0,537.0,706.0,7432.0,40000.0,1275.0,1420.0,200000.0,490.0,345.0,205000.0,215.0,195.0,345.0,30.0,60.0,1.2,1.2,1.8,0.25,0.5,1.005,1000.0,600.0,400.0,
ジャパンパイル,JP-NPRC105,節杭,1000-900,1000.0,900.0,120.0,標準,105.0,Ⅳ,11.2,20,2000.0,790.0,D22,20,7742.0,776.0,294100.0,334000.0,36792000.0,36792000.0,22892000000.0,25923000000.0,57607000.0,4.9,8.5,55.0,7.5,70.0,7.5,45.0,630.0,973.3,1338.0,2015.0,458.0,1087.0,822.0,682.0,1631.0,1233.0,1023.0,1186.0,921.0,781.0,1779.0,1382.0,1172.0,8383.0,302100.0,23485000000.0,5.4,672.0,1098.0,537.0,706.0,7432.0,40000.0,1275.0,1420.0,200000.0,490.0,345.0,205000.0,215.0,195.0,345.0,30.0,60.0,1.2,1.2,1.8,0.25,0.5,0.942,1000.0,600.0,400.0,
ジャパンパイル,JP-NPRC105,節杭,1100-900,1100.0,900.0,120.0,標準,105.0,Ⅴ,11.2,20,2000.0,790.0,D25,20,10134.0,772.0,294100.0,343900.0,36792000.0,36792000.0,22892000000.0,26635000000.0,59188000.0,4.8,8.5,55.0,7.5,70.0,7.5,45.0,640.5,1041.0,1518.0,2278.0,466.0,1130.0,851.0,705.0,1695.0,1277.0,1057.0,1229.0,950.0,804.0,1844.0,1426.0,1205.0,8666.0,302100.0,23485000000.0,5.4,672.0,1098.0,537.0,706.0,7432.0,40000.0,1275.0,1420.0,200000.0,490.0,345.0,205000.0,215.0,195.0,345.0,30.0,60.0,1.2,1.2,1.8,0.25,0.5,1.005,1000.0,600.0,400.0,
ジャパンパイル,JP-NPRC105,節杭,1000-900,1000.0,900.0,120.0,標準,105.0,Ⅴ,11.2,20,2000.0,790.0,D25,20,10134.0,772.0,294100.0,343900.0,36792000.0,36792000.0,22892000000.0,26635000000.0,59188000.0,4.8,8.5,55.0,7.5,70.0,7.5,45.0,640.5,1041.0,1518.0,2278.0,466.0,1130.0,851.0,705.0,1695.0,1277.0,1057.0,1229.0,950.0,804.0,1844.0,1426.0,1205.0,8666.0,302100.0,23485000000.0,5.4,672.0,1098.0,537.0,706.0,7432.0,40000.0,1275.0,1420.0,200000.0,490.0,345.0,205000.0,215.0,195.0,345.0,30.0,60.0,1.2,1.2,1.8,0.25,0.5,0.942,1000.0,600.0,400.0,
ジャパンパイル,JP-NPRC105,節杭,1100-900,1100.0,900.0,120.0,標準,105.0,Ⅵ,11.2,20,2000.0,790.0,D29,20,12848.0,769.0,294100.0,355100.0,36792000.0,36792000.0,22892000000.0,27439000000.0,60976000.0,4.7,8.5,55.0,7.5,70.0,7.5,45.0,646.8,1113.0,1719.0,2567.0,476.0,1172.0,880.0,726.0,1758.0,1320.0,1089.0,1271.0,979.0,825.0,1906.0,1468.0,1237.0,8984.0,302100.0,23485000000.0,5.4,672.0,1098.0,537.0,706.0,7432.0,40000.0,1275.0,1420.0,200000.0,490.0,345.0,205000.0,215.0,195.0,345.0,30.0,60.0,1.2,1.2,1.8,0.25,0.5,1.005,1000.0,600.0,400.0,
ジャパンパイル,JP-NPRC105,節杭,1000-900,1000.0,900.0,120.0,標準,105.0,Ⅵ,11.2,20,2000.0,790.0,D29,20,12848.0,769.0,294100.0,355100.0,36792000.0,36792000.0,22892000000.0,27439000000.0,60976000.0,4.7,8.5,55.0,7.5,70.0,7.5,45.0,646.8,1113.0,1719.0,2567.0,476.0,1172.0,880.0,726.0,1758.0,1320.0,1089.0,1271.0,979.0,825.0,1906.0,1468.0,1237.0,8984.0,302100.0,23485000000.0,5.4,672.0,1098.0,537.0,706.0,7432.0,40000.0,1275.0,1420.0,200000.0,490.0,345.0,205000.0,215.0,195.0,345.0,30.0,60.0,1.2,1.2,1.8,0.25,0.5,0.942,1000.0,600.0,400.0,
ジャパンパイル,JP-NPRC105,節杭,1100-900,1100.0,900.0,120.0,標準,105.0,Ⅶ,11.2,20,2000.0,790.0,D32,20,15884.0,765.0,294100.0,367600.0,36792000.0,36792000.0,22892000000.0,28316000000.0,62924000.0,4.5,8.5,55.0,7.5,70.0,7.5,45.0,660.7,1189.0,1931.0,2881.0,483.0,1211.0,906.0,745.0,1816.0,1359.0,1118.0,1310.0,1005.0,844.0,1964.0,1507.0,1266.0,9374.0,302100.0,23485000000.0,5.4,672.0,1098.0,537.0,706.0,7432.0,40000.0,1275.0,1420.0,200000.0,490.0,345.0,205000.0,215.0,195.0,345.0,30.0,60.0,1.2,1.2,1.8,0.25,0.5,1.005,1000.0,600.0,400.0,
ジャパンパイル,JP-NPRC105,節杭,1000-900,1000.0,900.0,120.0,標準,105.0,Ⅶ,11.2,20,2000.0,790.0,D32,20,15884.0,765.0,294100.0,367600.0,36792000.0,36792000.0,22892000000.0,28316000000.0,62924000.0,4.5,8.5,55.0,7.5,70.0,7.5,45.0,660.7,1189.0,1931.0,2881.0,483.0,1211.0,906.0,745.0,1816.0,1359.0,1118.0,1310.0,1005.0,844.0,1964.0,1507.0,1266.0,9374.0,302100.0,23485000000.0,5.4,672.0,1098.0,537.0,706.0,7432.0,40000.0,1275.0,1420.0,200000.0,490.0,345.0,205000.0,215.0,195.0,345.0,30.0,60.0,1.2,1.2,1.8,0.25,0.5,0.942,1000.0,600.0,400.0,
ジャパンパイル,JP-NPRC105,節杭,1100-900,1100.0,900.0,140.0,特厚,105.0,ⅠA,11.2,20,2000.0,790.0,D13,20,2534.0,787.0,334300.0,352700.0,40889000.0,40889333.333333336,24953000000.0,26387000000.0,58639000.0,4.7,8.5,55.0,7.5,70.0,7.5,45.0,627.4,773.4,942.5,1410.0,481.0,1001.0,763.0,637.0,1501.0,1144.0,956.0,1098.0,860.0,735.0,1648.0,1291.0,1102.0,8923.0,342300.0,25546000000.0,4.8,698.0,1098.0,589.0,779.0,8626.0,40000.0,1275.0,1420.0,200000.0,490.0,345.0,205000.0,215.0,195.0,345.0,30.0,60.0,1.2,1.2,1.8,0.25,0.5,1.109,1000.0,600.0,400.0,
ジャパンパイル,JP-NPRC105,節杭,1000-900,1000.0,900.0,140.0,特厚,105.0,ⅠA,11.2,20,2000.0,790.0,D13,20,2534.0,787.0,334300.0,352700.0,40889000.0,40889333.333333336,24953000000.0,26387000000.0,58639000.0,4.7,8.5,55.0,7.5,70.0,7.5,45.0,627.4,773.4,942.5,1410.0,481.0,1001.0,763.0,637.0,1501.0,1144.0,956.0,1098.0,860.0,735.0,1648.0,1291.0,1102.0,8923.0,342300.0,25546000000.0,4.8,698.0,1098.0,589.0,779.0,8626.0,40000.0,1275.0,1420.0,200000.0,490.0,345.0,205000.0,215.0,195.0,345.0,30.0,60.0,1.2,1.2,1.8,0.25,0.5,1.046,1000.0,600.0,400.0,
ジャパンパイル,JP-NPRC105,節杭,1100-900,1100.0,900.0,140.0,特厚,105.0,ⅠB,11.2,20,2000.0,790.0,D19,10,2865.0,779.0,334300.0,354100.0,40889000.0,40889333.333333336,24953000000.0,26475000000.0,58833000.0,4.7,8.5,55.0,7.5,70.0,7.5,45.0,629.5,791.3,970.9,1449.0,482.0,1013.0,771.0,644.0,1520.0,1157.0,966.0,1111.0,869.0,741.0,1666.0,1304.0,1112.0,8959.0,342300.0,25546000000.0,4.8,698.0,1098.0,589.0,779.0,8626.0,40000.0,1275.0,1420.0,200000.0,490.0,345.0,205000.0,215.0,195.0,345.0,30.0,60.0,1.2,1.2,1.8,0.25,0.5,1.109,1000.0,600.0,400.0,
ジャパンパイル,JP-NPRC105,節杭,1000-900,1000.0,900.0,140.0,特厚,105.0,ⅠB,11.2,20,2000.0,790.0,D19,10,2865.0,779.0,334300.0,354100.0,40889000.0,40889333.333333336,24953000000.0,26475000000.0,58833000.0,4.7,8.5,55.0,7.5,70.0,7.5,45.0,629.5,791.3,970.9,1449.0,482.0,1013.0,771.0,644.0,1520.0,1157.0,966.0,1111.0,869.0,741.0,1666.0,1304.0,1112.0,8959.0,342300.0,25546000000.0,4.8,698.0,1098.0,589.0,779.0,8626.0,40000.0,1275.0,1420.0,200000.0,490.0,345.0,205000.0,215.0,195.0,345.0,30.0,60.0,1.2,1.2,1.8,0.25,0.5,1.046,1000.0,600.0,400.0,
ジャパンパイル,JP-NPRC105,節杭,1100-900,1100.0,900.0,140.0,特厚,105.0,ⅡA,11.2,20,2000.0,790.0,D22,10,3871.0,776.0,334300.0,358200.0,40889000.0,40889333.333333336,24953000000.0,26781000000.0,59512000.0,4.6,8.5,55.0,7.5,70.0,7.5,45.0,630.8,833.4,1044.0,1570.0,484.0,1046.0,794.0,661.0,1570.0,1191.0,991.0,1144.0,892.0,758.0,1716.0,1337.0,1138.0,9098.0,342300.0,25546000000.0,4.8,698.0,1098.0,589.0,779.0,8626.0,40000.0,1275.0,1420.0,200000.0,490.0,345.0,205000.0,215.0,195.0,345.0,30.0,60.0,1.2,1.2,1.8,0.25,0.5,1.109,1000.0,600.0,400.0,
ジャパンパイル,JP-NPRC105,節杭,1000-900,1000.0,900.0,140.0,特厚,105.0,ⅡA,11.2,20,2000.0,790.0,D22,10,3871.0,776.0,334300.0,358200.0,40889000.0,40889333.333333336,24953000000.0,26781000000.0,59512000.0,4.6,8.5,55.0,7.5,70.0,7.5,45.0,630.8,833.4,1044.0,1570.0,484.0,1046.0,794.0,661.0,1570.0,1191.0,991.0,1144.0,892.0,758.0,1716.0,1337.0,1138.0,9098.0,342300.0,25546000000.0,4.8,698.0,1098.0,589.0,779.0,8626.0,40000.0,1275.0,1420.0,200000.0,490.0,345.0,205000.0,215.0,195.0,345.0,30.0,60.0,1.2,1.2,1.8,0.25,0.5,1.046,1000.0,600.0,400.0,
ジャパンパイル,JP-NPRC105,節杭,1100-900,1100.0,900.0,140.0,特厚,105.0,ⅡB,11.2,20,2000.0,790.0,D16,20,3972.0,783.0,334300.0,358600.0,40889000.0,40889333.333333336,24953000000.0,26834000000.0,59632000.0,4.6,8.5,55.0,7.5,70.0,7.5,45.0,632.1,838.3,1052.0,1583.0,485.0,1050.0,796.0,662.0,1574.0,1194.0,993.0,1147.0,894.0,760.0,1721.0,1341.0,1140.0,9108.0,342300.0,25546000000.0,4.8,698.0,1098.0,589.0,779.0,8626.0,40000.0,1275.0,1420.0,200000.0,490.0,345.0,205000.0,215.0,195.0,345.0,30.0,60.0,1.2,1.2,1.8,0.25,0.5,1.109,1000.0,600.0,400.0,
ジャパンパイル,JP-NPRC105,節杭,1000-900,1000.0,900.0,140.0,特厚,105.0,ⅡB,11.2,20,2000.0,790.0,D16,20,3972.0,783.0,334300.0,358600.0,40889000.0,40889333.333333336,24953000000.0,26834000000.0,59632000.0,4.6,8.5,55.0,7.5,70.0,7.5,45.0,632.1,838.3,1052.0,1583.0,485.0,1050.0,796.0,662.0,1574.0,1194.0,993.0,1147.0,894.0,760.0,1721.0,1341.0,1140.0,9108.0,342300.0,25546000000.0,4.8,698.0,1098.0,589.0,779.0,8626.0,40000.0,1275.0,1420.0,200000.0,490.0,345.0,205000.0,215.0,195.0,345.0,30.0,60.0,1.2,1.2,1.8,0.25,0.5,1.046,1000.0,600.0,400.0,
ジャパンパイル,JP-NPRC105,節杭,1100-900,1100.0,900.0,140.0,特厚,105.0,Ⅲ,11.2,20,2000.0,790.0,D19,20,5730.0,779.0,334300.0,365900.0,40889000.0,40889333.333333336,24953000000.0,27372000000.0,60828000.0,4.5,8.5,55.0,7.5,70.0,7.5,45.0,638.7,918.6,1186.0,1787.0,490.0,1098.0,829.0,687.0,1648.0,1244.0,1031.0,1196.0,927.0,785.0,1794.0,1391.0,1178.0,9330.0,342300.0,25546000000.0,4.8,698.0,1098.0,589.0,779.0,8626.0,40000.0,1275.0,1420.0,200000.0,490.0,345.0,205000.0,215.0,195.0,345.0,30.0,60.0,1.2,1.2,1.8,0.25,0.5,1.109,1000.0,600.0,400.0,
ジャパンパイル,JP-NPRC105,節杭,1000-900,1000.0,900.0,140.0,特厚,105.0,Ⅲ,11.2,20,2000.0,790.0,D19,20,5730.0,779.0,334300.0,365900.0,40889000.0,40889333.333333336,24953000000.0,27372000000.0,60828000.0,4.5,8.5,55.0,7.5,70.0,7.5,45.0,638.7,918.6,1186.0,1787.0,490.0,1098.0,829.0,687.0,1648.0,1244.0,1031.0,1196.0,927.0,785.0,1794.0,1391.0,1178.0,9330.0,342300.0,25546000000.0,4.8,698.0,1098.0,589.0,779.0,8626.0,40000.0,1275.0,1420.0,200000.0,490.0,345.0,205000.0,215.0,195.0,345.0,30.0,60.0,1.2,1.2,1.8,0.25,0.5,1.046,1000.0,600.0,400.0,
ジャパンパイル,JP-NPRC105,節杭,1100-900,1100.0,900.0,140.0,特厚,105.0,Ⅳ,11.2,20,2000.0,790.0,D22,20,7742.0,776.0,334300.0,374200.0,40889000.0,40889333.333333336,24953000000.0,27984000000.0,62187000.0,4.4,8.5,55.0,7.5,70.0,7.5,45.0,646.7,1010.0,1338.0,2016.0,497.0,1145.0,861.0,711.0,1717.0,1291.0,1067.0,1242.0,959.0,809.0,1864.0,1438.0,1213.0,9580.0,342300.0,25546000000.0,4.8,698.0,1098.0,589.0,779.0,8626.0,40000.0,1275.0,1420.0,200000.0,490.0,345.0,205000.0,215.0,195.0,345.0,30.0,60.0,1.2,1.2,1.8,0.25,0.5,1.109,1000.0,600.0,400.0,
ジャパンパイル,JP-NPRC105,節杭,1000-900,1000.0,900.0,140.0,特厚,105.0,Ⅳ,11.2,20,2000.0,790.0,D22,20,7742.0,776.0,334300.0,374200.0,40889000.0,40889333.333333336,24953000000.0,27984000000.0,62187000.0,4.4,8.5,55.0,7.5,70.0,7.5,45.0,646.7,1010.0,1338.0,2016.0,497.0,1145.0,861.0,711.0,1717.0,1291.0,1067.0,1242.0,959.0,809.0,1864.0,1438.0,1213.0,9580.0,342300.0,25546000000.0,4.8,698.0,1098.0,589.0,779.0,8626.0,40000.0,1275.0,1420.0,200000.0,490.0,345.0,205000.0,215.0,195.0,345.0,30.0,60.0,1.2,1.2,1.8,0.25,0.5,1.046,1000.0,600.0,400.0,
ジャパンパイル,JP-NPRC105,節杭,1100-900,1100.0,900.0,140.0,特厚,105.0,Ⅴ,11.2,20,2000.0,790.0,D25,20,10134.0,772.0,334300.0,384100.0,40889000.0,40889333.333333336,24953000000.0,28696000000.0,63768000.0,4.3,8.5,55.0,7.5,70.0,7.5,45.0,656.8,1096.0,1518.0,2280.0,505.0,1191.0,892.0,735.0,1786.0,1338.0,1102.0,1289.0,990.0,833.0,1933.0,1485.0,1249.0,9871.0,342300.0,25546000000.0,4.8,698.0,1098.0,589.0,779.0,8626.0,40000.0,1275.0,1420.0,200000.0,490.0,345.0,205000.0,215.0,195.0,345.0,30.0,60.0,1.2,1.2,1.8,0.25,0.5,1.109,1000.0,600.0,400.0,
ジャパンパイル,JP-NPRC105,節杭,1000-900,1000.0,900.0,140.0,特厚,105.0,Ⅴ,11.2,20,2000.0,790.0,D25,20,10134.0,772.0,334300.0,384100.0,40889000.0,40889333.333333336,24953000000.0,28696000000.0,63768000.0,4.3,8.5,55.0,7.5,70.0,7.5,45.0,656.8,1096.0,1518.0,2280.0,505.0,1191.0,892.0,735.0,1786.0,1338.0,1102.0,1289.0,990.0,833.0,1933.0,1485.0,1249.0,9871.0,342300.0,25546000000.0,4.8,698.0,1098.0,589.0,779.0,8626.0,40000.0,1275.0,1420.0,200000.0,490.0,345.0,205000.0,215.0,195.0,345.0,30.0,60.0,1.2,1.2,1.8,0.25,0.5,1.046,1000.0,600.0,400.0,
ジャパンパイル,JP-NPRC105,節杭,1100-900,1100.0,900.0,140.0,特厚,105.0,Ⅵ,11.2,20,2000.0,790.0,D29,20,12848.0,769.0,334300.0,395300.0,40889000.0,40889333.333333336,24953000000.0,29500000000.0,65556000.0,4.2,8.5,55.0,7.5,70.0,7.5,45.0,668.7,1167.0,1718.0,2572.0,514.0,1235.0,923.0,758.0,1853.0,1384.0,1137.0,1333.0,1020.0,856.0,2000.0,1531.0,1283.0,10199.0,342300.0,25546000000.0,4.8,698.0,1098.0,589.0,779.0,8626.0,40000.0,1275.0,1420.0,200000.0,490.0,345.0,205000.0,215.0,195.0,345.0,30.0,60.0,1.2,1.2,1.8,0.25,0.5,1.109,1000.0,600.0,400.0,
ジャパンパイル,JP-NPRC105,節杭,1000-900,1000.0,900.0,140.0,特厚,105.0,Ⅵ,11.2,20,2000.0,790.0,D29,20,12848.0,769.0,334300.0,395300.0,40889000.0,40889333.333333336,24953000000.0,29500000000.0,65556000.0,4.2,8.5,55.0,7.5,70.0,7.5,45.0,668.7,1167.0,1718.0,2572.0,514.0,1235.0,923.0,758.0,1853.0,1384.0,1137.0,1333.0,1020.0,856.0,2000.0,1531.0,1283.0,10199.0,342300.0,25546000000.0,4.8,698.0,1098.0,589.0,779.0,8626.0,40000.0,1275.0,1420.0,200000.0,490.0,345.0,205000.0,215.0,195.0,345.0,30.0,60.0,1.2,1.2,1.8,0.25,0.5,1.046,1000.0,600.0,400.0,
ジャパンパイル,JP-NPRC105,節杭,1100-900,1100.0,900.0,140.0,特厚,105.0,Ⅶ,11.2,20,2000.0,790.0,D32,20,15884.0,765.0,334300.0,407800.0,40889000.0,40889333.333333336,24953000000.0,30377000000.0,67504000.0,4.1,8.5,55.0,7.5,70.0,7.5,45.0,681.8,1254.0,1938.0,2889.0,525.0,1278.0,952.0,780.0,1917.0,1428.0,1170.0,1376.0,1050.0,878.0,2064.0,1574.0,1316.0,10562.0,342300.0,25546000000.0,4.8,698.0,1098.0,589.0,779.0,8626.0,40000.0,1275.0,1420.0,200000.0,490.0,345.0,205000.0,215.0,195.0,345.0,30.0,60.0,1.2,1.2,1.8,0.25,0.5,1.109,1000.0,600.0,400.0,
ジャパンパイル,JP-NPRC105,節杭,1000-900,1000.0,900.0,140.0,特厚,105.0,Ⅶ,11.2,20,2000.0,790.0,D32,20,15884.0,765.0,334300.0,407800.0,40889000.0,40889333.333333336,24953000000.0,30377000000.0,67504000.0,4.1,8.5,55.0,7.5,70.0,7.5,45.0,681.8,1254.0,1938.0,2889.0,525.0,1278.0,952.0,780.0,1917.0,1428.0,1170.0,1376.0,1050.0,878.0,2064.0,1574.0,1316.0,10562.0,342300.0,25546000000.0,4.8,698.0,1098.0,589.0,779.0,8626.0,40000.0,1275.0,1420.0,200000.0,490.0,345.0,205000.0,215.0,195.0,345.0,30.0,60.0,1.2,1.2,1.8,0.25,0.5,1.046,1000.0,600.0,400.0,
ジャパンパイル,JP-NPRC105,節杭,1200-1000,1200.0,1000.0,130.0,標準,105.0,ⅠA,11.2,24,2400.0,880.0,D13,24,3041.0,877.0,355300.0,377500.0,49565000.0,49564666.666666664,34368000000.0,36504000000.0,73009000.0,5.2,8.5,50.0,7.5,60.0,7.5,40.0,815.8,1030.0,1256.0,1886.0,531.0,1159.0,890.0,748.0,1739.0,1335.0,1122.0,1285.0,1016.0,874.0,1928.0,1524.0,1311.0,9362.0,364900.0,35297000000.0,5.4,907.0,1469.0,647.0,851.0,8977.0,40000.0,1275.0,1420.0,200000.0,490.0,345.0,205000.0,215.0,195.0,345.0,30.0,60.0,1.2,1.2,1.8,0.25,0.5,1.196,1000.0,600.0,400.0,
ジャパンパイル,JP-NPRC105,節杭,1100-1000,1100.0,1000.0,130.0,標準,105.0,ⅠA,11.2,24,2400.0,880.0,D13,24,3041.0,877.0,355300.0,377500.0,49565000.0,49564666.666666664,34368000000.0,36504000000.0,73009000.0,5.2,8.5,50.0,7.5,60.0,7.5,40.0,815.8,1030.0,1256.0,1886.0,531.0,1159.0,890.0,748.0,1739.0,1335.0,1122.0,1285.0,1016.0,874.0,1928.0,1524.0,1311.0,9362.0,364900.0,35297000000.0,5.4,907.0,1469.0,647.0,851.0,8977.0,40000.0,1275.0,1420.0,200000.0,490.0,345.0,205000.0,215.0,195.0,345.0,30.0,60.0,1.2,1.2,1.8,0.25,0.5,1.128,1000.0,600.0,400.0,
ジャパンパイル,JP-NPRC105,節杭,1200-1000,1200.0,1000.0,130.0,標準,105.0,ⅠB,11.2,24,2400.0,880.0,D19,12,3438.0,869.0,355300.0,379100.0,49565000.0,49564666.666666664,34368000000.0,36637000000.0,73275000.0,5.2,8.5,50.0,7.5,60.0,7.5,40.0,815.8,1054.0,1294.0,1939.0,533.0,1173.0,899.0,755.0,1760.0,1349.0,1133.0,1300.0,1026.0,882.0,1949.0,1539.0,1322.0,9402.0,364900.0,35297000000.0,5.4,907.0,1469.0,647.0,851.0,8977.0,40000.0,1275.0,1420.0,200000.0,490.0,345.0,205000.0,215.0,195.0,345.0,30.0,60.0,1.2,1.2,1.8,0.25,0.5,1.196,1000.0,600.0,400.0,
ジャパンパイル,JP-NPRC105,節杭,1100-1000,1100.0,1000.0,130.0,標準,105.0,ⅠB,11.2,24,2400.0,880.0,D19,12,3438.0,869.0,355300.0,379100.0,49565000.0,49564666.666666664,34368000000.0,36637000000.0,73275000.0,5.2,8.5,50.0,7.5,60.0,7.5,40.0,815.8,1054.0,1294.0,1939.0,533.0,1173.0,899.0,755.0,1760.0,1349.0,1133.0,1300.0,1026.0,882.0,1949.0,1539.0,1322.0,9402.0,364900.0,35297000000.0,5.4,907.0,1469.0,647.0,851.0,8977.0,40000.0,1275.0,1420.0,200000.0,490.0,345.0,205000.0,215.0,195.0,345.0,30.0,60.0,1.2,1.2,1.8,0.25,0.5,1.128,1000.0,600.0,400.0,
ジャパンパイル,JP-NPRC105,節杭,1200-1000,1200.0,1000.0,130.0,標準,105.0,ⅡA,11.2,24,2400.0,880.0,D22,12,4645.0,866.0,355300.0,384100.0,49565000.0,49564666.666666664,34368000000.0,37096000000.0,74191000.0,5.1,8.5,50.0,7.5,60.0,7.5,40.0,828.3,1113.0,1394.0,2102.0,535.0,1211.0,925.0,774.0,1816.0,1388.0,1162.0,1337.0,1051.0,901.0,2006.0,1577.0,1351.0,9564.0,364900.0,35297000000.0,5.4,907.0,1469.0,647.0,851.0,8977.0,40000.0,1275.0,1420.0,200000.0,490.0,345.0,205000.0,215.0,195.0,345.0,30.0,60.0,1.2,1.2,1.8,0.25,0.5,1.196,1000.0,600.0,400.0,
ジャパンパイル,JP-NPRC105,節杭,1100-1000,1100.0,1000.0,130.0,標準,105.0,ⅡA,11.2,24,2400.0,880.0,D22,12,4645.0,866.0,355300.0,384100.0,49565000.0,49564666.666666664,34368000000.0,37096000000.0,74191000.0,5.1,8.5,50.0,7.5,60.0,7.5,40.0,828.3,1113.0,1394.0,2102.0,535.0,1211.0,925.0,774.0,1816.0,1388.0,1162.0,1337.0,1051.0,901.0,2006.0,1577.0,1351.0,9564.0,364900.0,35297000000.0,5.4,907.0,1469.0,647.0,851.0,8977.0,40000.0,1275.0,1420.0,200000.0,490.0,345.0,205000.0,215.0,195.0,345.0,30.0,60.0,1.2,1.2,1.8,0.25,0.5,1.128,1000.0,600.0,400.0,
ジャパンパイル,JP-NPRC105,節杭,1200-1000,1200.0,1000.0,130.0,標準,105.0,ⅡB,11.2,24,2400.0,880.0,D16,24,4766.0,873.0,355300.0,384600.0,49565000.0,49564666.666666664,34368000000.0,37172000000.0,74345000.0,5.1,8.5,50.0,7.5,60.0,7.5,40.0,828.3,1119.0,1405.0,2120.0,536.0,1214.0,928.0,776.0,1822.0,1391.0,1164.0,1341.0,1054.0,903.0,2011.0,1581.0,1354.0,9577.0,364900.0,35297000000.0,5.4,907.0,1469.0,647.0,851.0,8977.0,40000.0,1275.0,1420.0,200000.0,490.0,345.0,205000.0,215.0,195.0,345.0,30.0,60.0,1.2,1.2,1.8,0.25,0.5,1.196,1000.0,600.0,400.0,
ジャパンパイル,JP-NPRC105,節杭,1100-1000,1100.0,1000.0,130.0,標準,105.0,ⅡB,11.2,24,2400.0,880.0,D16,24,4766.0,873.0,355300.0,384600.0,49565000.0,49564666.666666664,34368000000.0,37172000000.0,74345000.0,5.1,8.5,50.0,7.5,60.0,7.5,40.0,828.3,1119.0,1405.0,2120.0,536.0,1214.0,928.0,776.0,1822.0,1391.0,1164.0,1341.0,1054.0,903.0,2011.0,1581.0,1354.0,9577.0,364900.0,35297000000.0,5.4,907.0,1469.0,647.0,851.0,8977.0,40000.0,1275.0,1420.0,200000.0,490.0,345.0,205000.0,215.0,195.0,345.0,30.0,60.0,1.2,1.2,1.8,0.25,0.5,1.128,1000.0,600.0,400.0,
ジャパンパイル,JP-NPRC105,節杭,1200-1000,1200.0,1000.0,130.0,標準,105.0,Ⅲ,11.2,24,2400.0,880.0,D19,24,6876.0,869.0,355300.0,393300.0,49565000.0,49564666.666666664,34368000000.0,37978000000.0,75955000.0,5.0,8.5,50.0,7.5,60.0,7.5,40.0,839.4,1229.0,1587.0,2393.0,543.0,1270.0,965.0,805.0,1905.0,1448.0,1207.0,1396.0,1092.0,931.0,2094.0,1637.0,1397.0,9833.0,364900.0,35297000000.0,5.4,907.0,1469.0,647.0,851.0,8977.0,40000.0,1275.0,1420.0,200000.0,490.0,345.0,205000.0,215.0,195.0,345.0,30.0,60.0,1.2,1.2,1.8,0.25,0.5,1.196,1000.0,600.0,400.0,
ジャパンパイル,JP-NPRC105,節杭,1100-1000,1100.0,1000.0,130.0,標準,105.0,Ⅲ,11.2,24,2400.0,880.0,D19,24,6876.0,869.0,355300.0,393300.0,49565000.0,49564666.666666664,34368000000.0,37978000000.0,75955000.0,5.0,8.5,50.0,7.5,60.0,7.5,40.0,839.4,1229.0,1587.0,2393.0,543.0,1270.0,965.0,805.0,1905.0,1448.0,1207.0,1396.0,1092.0,931.0,2094.0,1637.0,1397.0,9833.0,364900.0,35297000000.0,5.4,907.0,1469.0,647.0,851.0,8977.0,40000.0,1275.0,1420.0,200000.0,490.0,345.0,205000.0,215.0,195.0,345.0,30.0,60.0,1.2,1.2,1.8,0.25,0.5,1.128,1000.0,600.0,400.0,
ジャパンパイル,JP-NPRC105,節杭,1200-1000,1200.0,1000.0,130.0,標準,105.0,Ⅳ,11.2,24,2400.0,880.0,D22,24,9290.0,866.0,355300.0,403200.0,49565000.0,49564666.666666664,34368000000.0,38894000000.0,77788000.0,4.9,8.5,50.0,7.5,60.0,7.5,40.0,851.0,1314.0,1794.0,2700.0,552.0,1322.0,1001.0,832.0,1983.0,1501.0,1247.0,1448.0,1127.0,958.0,2173.0,1691.0,1437.0,10120.0,364900.0,35297000000.0,5.4,907.0,1469.0,647.0,851.0,8977.0,40000.0,1275.0,1420.0,200000.0,490.0,345.0,205000.0,215.0,195.0,345.0,30.0,60.0,1.2,1.2,1.8,0.25,0.5,1.196,1000.0,600.0,400.0,
ジャパンパイル,JP-NPRC105,節杭,1100-1000,1100.0,1000.0,130.0,標準,105.0,Ⅳ,11.2,24,2400.0,880.0,D22,24,9290.0,866.0,355300.0,403200.0,49565000.0,49564666.666666664,34368000000.0,38894000000.0,77788000.0,4.9,8.5,50.0,7.5,60.0,7.5,40.0,851.0,1314.0,1794.0,2700.0,552.0,1322.0,1001.0,832.0,1983.0,1501.0,1247.0,1448.0,1127.0,958.0,2173.0,1691.0,1437.0,10120.0,364900.0,35297000000.0,5.4,907.0,1469.0,647.0,851.0,8977.0,40000.0,1275.0,1420.0,200000.0,490.0,345.0,205000.0,215.0,195.0,345.0,30.0,60.0,1.2,1.2,1.8,0.25,0.5,1.128,1000.0,600.0,400.0,
ジャパンパイル,JP-NPRC105,節杭,1200-1000,1200.0,1000.0,130.0,標準,105.0,Ⅴ,11.2,24,2400.0,880.0,D25,24,12161.0,862.0,355300.0,415100.0,49565000.0,49564666.666666664,34368000000.0,39962000000.0,79924000.0,4.8,8.5,50.0,7.5,60.0,7.5,40.0,857.3,1406.0,2035.0,3053.0,562.0,1374.0,1037.0,859.0,2062.0,1555.0,1288.0,1501.0,1163.0,985.0,2251.0,1744.0,1477.0,10461.0,364900.0,35297000000.0,5.4,907.0,1469.0,647.0,851.0,8977.0,40000.0,1275.0,1420.0,200000.0,490.0,345.0,205000.0,215.0,195.0,345.0,30.0,60.0,1.2,1.2,1.8,0.25,0.5,1.196,1000.0,600.0,400.0,
ジャパンパイル,JP-NPRC105,節杭,1100-1000,1100.0,1000.0,130.0,標準,105.0,Ⅴ,11.2,24,2400.0,880.0,D25,24,12161.0,862.0,355300.0,415100.0,49565000.0,49564666.666666664,34368000000.0,39962000000.0,79924000.0,4.8,8.5,50.0,7.5,60.0,7.5,40.0,857.3,1406.0,2035.0,3053.0,562.0,1374.0,1037.0,859.0,2062.0,1555.0,1288.0,1501.0,1163.0,985.0,2251.0,1744.0,1477.0,10461.0,364900.0,35297000000.0,5.4,907.0,1469.0,647.0,851.0,8977.0,40000.0,1275.0,1420.0,200000.0,490.0,345.0,205000.0,215.0,195.0,345.0,30.0,60.0,1.2,1.2,1.8,0.25,0.5,1.128,1000.0,600.0,400.0,
ジャパンパイル,JP-NPRC105,節杭,1200-1000,1200.0,1000.0,130.0,標準,105.0,Ⅵ,11.2,24,2400.0,880.0,D29,24,15418.0,859.0,355300.0,428500.0,49565000.0,49564666.666666664,34368000000.0,41170000000.0,82340000.0,4.6,8.5,50.0,7.5,60.0,7.5,40.0,873.8,1504.0,2292.0,3442.0,570.0,1423.0,1070.0,883.0,2135.0,1604.0,1325.0,1550.0,1196.0,1009.0,2325.0,1794.0,1514.0,10884.0,364900.0,35297000000.0,5.4,907.0,1469.0,647.0,851.0,8977.0,40000.0,1275.0,1420.0,200000.0,490.0,345.0,205000.0,215.0,195.0,345.0,30.0,60.0,1.2,1.2,1.8,0.25,0.5,1.196,1000.0,600.0,400.0,
ジャパンパイル,JP-NPRC105,節杭,1100-1000,1100.0,1000.0,130.0,標準,105.0,Ⅵ,11.2,24,2400.0,880.0,D29,24,15418.0,859.0,355300.0,428500.0,49565000.0,49564666.666666664,34368000000.0,41170000000.0,82340000.0,4.6,8.5,50.0,7.5,60.0,7.5,40.0,873.8,1504.0,2292.0,3442.0,570.0,1423.0,1070.0,883.0,2135.0,1604.0,1325.0,1550.0,1196.0,1009.0,2325.0,1794.0,1514.0,10884.0,364900.0,35297000000.0,5.4,907.0,1469.0,647.0,851.0,8977.0,40000.0,1275.0,1420.0,200000.0,490.0,345.0,205000.0,215.0,195.0,345.0,30.0,60.0,1.2,1.2,1.8,0.25,0.5,1.128,1000.0,600.0,400.0,
ジャパンパイル,JP-NPRC105,節杭,1200-1000,1200.0,1000.0,130.0,標準,105.0,Ⅶ,11.2,24,2400.0,880.0,D32,24,19061.0,855.0,355300.0,443500.0,49565000.0,49564666.666666664,34368000000.0,42491000000.0,84981000.0,4.5,8.5,50.0,7.5,60.0,7.5,40.0,892.3,1606.0,2589.0,3863.0,583.0,1472.0,1103.0,908.0,2208.0,1654.0,1362.0,1598.0,1229.0,1034.0,2397.0,1844.0,1551.0,11309.0,364900.0,35297000000.0,5.4,907.0,1469.0,647.0,851.0,8977.0,40000.0,1275.0,1420.0,200000.0,490.0,345.0,205000.0,215.0,195.0,345.0,30.0,60.0,1.2,1.2,1.8,0.25,0.5,1.196,1000.0,600.0,400.0,
ジャパンパイル,JP-NPRC105,節杭,1100-1000,1100.0,1000.0,130.0,標準,105.0,Ⅶ,11.2,24,2400.0,880.0,D32,24,19061.0,855.0,355300.0,443500.0,49565000.0,49564666.666666664,34368000000.0,42491000000.0,84981000.0,4.5,8.5,50.0,7.5,60.0,7.5,40.0,892.3,1606.0,2589.0,3863.0,583.0,1472.0,1103.0,908.0,2208.0,1654.0,1362.0,1598.0,1229.0,1034.0,2397.0,1844.0,1551.0,11309.0,364900.0,35297000000.0,5.4,907.0,1469.0,647.0,851.0,8977.0,40000.0,1275.0,1420.0,200000.0,490.0,345.0,205000.0,215.0,195.0,345.0,30.0,60.0,1.2,1.2,1.8,0.25,0.5,1.128,1000.0,600.0,400.0,
ジャパンパイル,JP-NPRC105,節杭,1200-1000,1200.0,1000.0,150.0,特厚,105.0,ⅠA,11.2,24,2400.0,880.0,D13,24,3041.0,877.0,400600.0,422700.0,54750000.0,54750000.0,37302000000.0,39438000000.0,78876000.0,4.7,8.5,50.0,7.5,60.0,7.5,40.0,844.0,1035.0,1261.0,1885.0,575.0,1214.0,927.0,775.0,1821.0,1390.0,1163.0,1339.0,1052.0,900.0,2009.0,1578.0,1350.0,10694.0,410200.0,38231000000.0,4.8,941.0,1468.0,705.0,932.0,10337.0,40000.0,1275.0,1420.0,200000.0,490.0,345.0,205000.0,215.0,195.0,345.0,30.0,60.0,1.2,1.2,1.8,0.25,0.5,1.314,1000.0,600.0,400.0,
ジャパンパイル,JP-NPRC105,節杭,1100-1000,1100.0,1000.0,150.0,特厚,105.0,ⅠA,11.2,24,2400.0,880.0,D13,24,3041.0,877.0,400600.0,422700.0,54750000.0,54750000.0,37302000000.0,39438000000.0,78876000.0,4.7,8.5,50.0,7.5,60.0,7.5,40.0,844.0,1035.0,1261.0,1885.0,575.0,1214.0,927.0,775.0,1821.0,1390.0,1163.0,1339.0,1052.0,900.0,2009.0,1578.0,1350.0,10694.0,410200.0,38231000000.0,4.8,941.0,1468.0,705.0,932.0,10337.0,40000.0,1275.0,1420.0,200000.0,490.0,345.0,205000.0,215.0,195.0,345.0,30.0,60.0,1.2,1.2,1.8,0.25,0.5,1.245,1000.0,600.0,400.0,
ジャパンパイル,JP-NPRC105,節杭,1200-1000,1200.0,1000.0,150.0,特厚,105.0,ⅠB,11.2,24,2400.0,880.0,D19,12,3438.0,869.0,400600.0,424300.0,54750000.0,54750000.0,37302000000.0,39571000000.0,79142000.0,4.7,8.5,50.0,7.5,60.0,7.5,40.0,846.8,1059.0,1299.0,1938.0,577.0,1229.0,937.0,783.0,1844.0,1406.0,1175.0,1354.0,1062.0,908.0,2032.0,1593.0,1362.0,10735.0,410200.0,38231000000.0,4.8,941.0,1468.0,705.0,932.0,10337.0,40000.0,1275.0,1420.0,200000.0,490.0,345.0,205000.0,215.0,195.0,345.0,30.0,60.0,1.2,1.2,1.8,0.25,0.5,1.314,1000.0,600.0,400.0,
ジャパンパイル,JP-NPRC105,節杭,1100-1000,1100.0,1000.0,150.0,特厚,105.0,ⅠB,11.2,24,2400.0,880.0,D19,12,3438.0,869.0,400600.0,424300.0,54750000.0,54750000.0,37302000000.0,39571000000.0,79142000.0,4.7,8.5,50.0,7.5,60.0,7.5,40.0,846.8,1059.0,1299.0,1938.0,577.0,1229.0,937.0,783.0,1844.0,1406.0,1175.0,1354.0,1062.0,908.0,2032.0,1593.0,1362.0,10735.0,410200.0,38231000000.0,4.8,941.0,1468.0,705.0,932.0,10337.0,40000.0,1275.0,1420.0,200000.0,490.0,345.0,205000.0,215.0,195.0,345.0,30.0,60.0,1.2,1.2,1.8,0.25,0.5,1.245,1000.0,600.0,400.0,
ジャパンパイル,JP-NPRC105,節杭,1200-1000,1200.0,1000.0,150.0,特厚,105.0,ⅡA,11.2,24,2400.0,880.0,D22,12,4645.0,866.0,400600.0,429300.0,54750000.0,54750000.0,37302000000.0,40029000000.0,80059000.0,4.6,8.5,50.0,7.5,60.0,7.5,40.0,848.6,1115.0,1396.0,2101.0,579.0,1269.0,964.0,804.0,1904.0,1447.0,1205.0,1394.0,1089.0,929.0,2092.0,1634.0,1393.0,10904.0,410200.0,38231000000.0,4.8,941.0,1468.0,705.0,932.0,10337.0,40000.0,1275.0,1420.0,200000.0,490.0,345.0,205000.0,215.0,195.0,345.0,30.0,60.0,1.2,1.2,1.8,0.25,0.5,1.314,1000.0,600.0,400.0,
ジャパンパイル,JP-NPRC105,節杭,1100-1000,1100.0,1000.0,150.0,特厚,105.0,ⅡA,11.2,24,2400.0,880.0,D22,12,4645.0,866.0,400600.0,429300.0,54750000.0,54750000.0,37302000000.0,40029000000.0,80059000.0,4.6,8.5,50.0,7.5,60.0,7.5,40.0,848.6,1115.0,1396.0,2101.0,579.0,1269.0,964.0,804.0,1904.0,1447.0,1205.0,1394.0,1089.0,929.0,2092.0,1634.0,1393.0,10904.0,410200.0,38231000000.0,4.8,941.0,1468.0,705.0,932.0,10337.0,40000.0,1275.0,1420.0,200000.0,490.0,345.0,205000.0,215.0,195.0,345.0,30.0,60.0,1.2,1.2,1.8,0.25,0.5,1.245,1000.0,600.0,400.0,
ジャパンパイル,JP-NPRC105,節杭,1200-1000,1200.0,1000.0,150.0,特厚,105.0,ⅡB,11.2,24,2400.0,880.0,D16,24,4766.0,873.0,400600.0,429800.0,54750000.0,54750000.0,37302000000.0,40106000000.0,80212000.0,4.6,8.5,50.0,7.5,60.0,7.5,40.0,850.2,1121.0,1407.0,2119.0,580.0,1273.0,967.0,806.0,1910.0,1451.0,1208.0,1398.0,1092.0,931.0,2098.0,1638.0,1396.0,10917.0,410200.0,38231000000.0,4.8,941.0,1468.0,705.0,932.0,10337.0,40000.0,1275.0,1420.0,200000.0,490.0,345.0,205000.0,215.0,195.0,345.0,30.0,60.0,1.2,1.2,1.8,0.25,0.5,1.314,1000.0,600.0,400.0,
ジャパンパイル,JP-NPRC105,節杭,1100-1000,1100.0,1000.0,150.0,特厚,105.0,ⅡB,11.2,24,2400.0,880.0,D16,24,4766.0,873.0,400600.0,429800.0,54750000.0,54750000.0,37302000000.0,40106000000.0,80212000.0,4.6,8.5,50.0,7.5,60.0,7.5,40.0,850.2,1121.0,1407.0,2119.0,580.0,1273.0,967.0,806.0,1910.0,1451.0,1208.0,1398.0,1092.0,931.0,2098.0,1638.0,1396.0,10917.0,410200.0,38231000000.0,4.8,941.0,1468.0,705.0,932.0,10337.0,40000.0,1275.0,1420.0,200000.0,490.0,345.0,205000.0,215.0,195.0,345.0,30.0,60.0,1.2,1.2,1.8,0.25,0.5,1.245,1000.0,600.0,400.0,
ジャパンパイル,JP-NPRC105,節杭,1200-1000,1200.0,1000.0,150.0,特厚,105.0,Ⅲ,11.2,24,2400.0,880.0,D19,24,6876.0,869.0,400600.0,438500.0,54750000.0,54750000.0,37302000000.0,40911000000.0,81823000.0,4.5,8.5,50.0,7.5,60.0,7.5,40.0,859.1,1229.0,1587.0,2393.0,586.0,1332.0,1007.0,836.0,1998.0,1511.0,1254.0,1457.0,1132.0,961.0,2186.0,1698.0,1441.0,11182.0,410200.0,38231000000.0,4.8,941.0,1468.0,705.0,932.0,10337.0,40000.0,1275.0,1420.0,200000.0,490.0,345.0,205000.0,215.0,195.0,345.0,30.0,60.0,1.2,1.2,1.8,0.25,0.5,1.314,1000.0,600.0,400.0,
ジャパンパイル,JP-NPRC105,節杭,1100-1000,1100.0,1000.0,150.0,特厚,105.0,Ⅲ,11.2,24,2400.0,880.0,D19,24,6876.0,869.0,400600.0,438500.0,54750000.0,54750000.0,37302000000.0,40911000000.0,81823000.0,4.5,8.5,50.0,7.5,60.0,7.5,40.0,859.1,1229.0,1587.0,2393.0,586.0,1332.0,1007.0,836.0,1998.0,1511.0,1254.0,1457.0,1132.0,961.0,2186.0,1698.0,1441.0,11182.0,410200.0,38231000000.0,4.8,941.0,1468.0,705.0,932.0,10337.0,40000.0,1275.0,1420.0,200000.0,490.0,345.0,205000.0,215.0,195.0,345.0,30.0,60.0,1.2,1.2,1.8,0.25,0.5,1.245,1000.0,600.0,400.0,
ジャパンパイル,JP-NPRC105,節杭,1200-1000,1200.0,1000.0,150.0,特厚,105.0,Ⅳ,11.2,24,2400.0,880.0,D22,24,9290.0,866.0,400600.0,448500.0,54750000.0,54750000.0,37302000000.0,41828000000.0,83655000.0,4.4,8.5,50.0,7.5,60.0,7.5,40.0,870.0,1352.0,1791.0,2700.0,594.0,1388.0,1045.0,865.0,2082.0,1568.0,1297.0,1513.0,1170.0,990.0,2270.0,1756.0,1484.0,11482.0,410200.0,38231000000.0,4.8,941.0,1468.0,705.0,932.0,10337.0,40000.0,1275.0,1420.0,200000.0,490.0,345.0,205000.0,215.0,195.0,345.0,30.0,60.0,1.2,1.2,1.8,0.25,0.5,1.314,1000.0,600.0,400.0,
ジャパンパイル,JP-NPRC105,節杭,1100-1000,1100.0,1000.0,150.0,特厚,105.0,Ⅳ,11.2,24,2400.0,880.0,D22,24,9290.0,866.0,400600.0,448500.0,54750000.0,54750000.0,37302000000.0,41828000000.0,83655000.0,4.4,8.5,50.0,7.5,60.0,7.5,40.0,870.0,1352.0,1791.0,2700.0,594.0,1388.0,1045.0,865.0,2082.0,1568.0,1297.0,1513.0,1170.0,990.0,2270.0,1756.0,1484.0,11482.0,410200.0,38231000000.0,4.8,941.0,1468.0,705.0,932.0,10337.0,40000.0,1275.0,1420.0,200000.0,490.0,345.0,205000.0,215.0,195.0,345.0,30.0,60.0,1.2,1.2,1.8,0.25,0.5,1.245,1000.0,600.0,400.0,
ジャパンパイル,JP-NPRC105,節杭,1200-1000,1200.0,1000.0,150.0,特厚,105.0,Ⅴ,11.2,24,2400.0,880.0,D25,24,12161.0,862.0,400600.0,460300.0,54750000.0,54750000.0,37302000000.0,42896000000.0,85791000.0,4.3,8.5,50.0,7.5,60.0,7.5,40.0,883.7,1477.0,2031.0,3056.0,604.0,1444.0,1083.0,893.0,2166.0,1625.0,1340.0,1569.0,1208.0,1018.0,2353.0,1813.0,1527.0,11830.0,410200.0,38231000000.0,4.8,941.0,1468.0,705.0,932.0,10337.0,40000.0,1275.0,1420.0,200000.0,490.0,345.0,205000.0,215.0,195.0,345.0,30.0,60.0,1.2,1.2,1.8,0.25,0.5,1.314,1000.0,600.0,400.0,
ジャパンパイル,JP-NPRC105,節杭,1100-1000,1100.0,1000.0,150.0,特厚,105.0,Ⅴ,11.2,24,2400.0,880.0,D25,24,12161.0,862.0,400600.0,460300.0,54750000.0,54750000.0,37302000000.0,42896000000.0,85791000.0,4.3,8.5,50.0,7.5,60.0,7.5,40.0,883.7,1477.0,2031.0,3056.0,604.0,1444.0,1083.0,893.0,2166.0,1625.0,1340.0,1569.0,1208.0,1018.0,2353.0,1813.0,1527.0,11830.0,410200.0,38231000000.0,4.8,941.0,1468.0,705.0,932.0,10337.0,40000.0,1275.0,1420.0,200000.0,490.0,345.0,205000.0,215.0,195.0,345.0,30.0,60.0,1.2,1.2,1.8,0.25,0.5,1.245,1000.0,600.0,400.0,
ジャパンパイル,JP-NPRC105,節杭,1200-1000,1200.0,1000.0,150.0,特厚,105.0,Ⅵ,11.2,24,2400.0,880.0,D29,24,15418.0,859.0,400600.0,473800.0,54750000.0,54750000.0,37302000000.0,44104000000.0,88208000.0,4.2,8.5,50.0,7.5,60.0,7.5,40.0,899.7,1562.0,2299.0,3448.0,615.0,1498.0,1120.0,921.0,2246.0,1680.0,1381.0,1623.0,1245.0,1046.0,2434.0,1868.0,1569.0,12224.0,410200.0,38231000000.0,4.8,941.0,1468.0,705.0,932.0,10337.0,40000.0,1275.0,1420.0,200000.0,490.0,345.0,205000.0,215.0,195.0,345.0,30.0,60.0,1.2,1.2,1.8,0.25,0.5,1.314,1000.0,600.0,400.0,
ジャパンパイル,JP-NPRC105,節杭,1100-1000,1100.0,1000.0,150.0,特厚,105.0,Ⅵ,11.2,24,2400.0,880.0,D29,24,15418.0,859.0,400600.0,473800.0,54750000.0,54750000.0,37302000000.0,44104000000.0,88208000.0,4.2,8.5,50.0,7.5,60.0,7.5,40.0,899.7,1562.0,2299.0,3448.0,615.0,1498.0,1120.0,921.0,2246.0,1680.0,1381.0,1623.0,1245.0,1046.0,2434.0,1868.0,1569.0,12224.0,410200.0,38231000000.0,4.8,941.0,1468.0,705.0,932.0,10337.0,40000.0,1275.0,1420.0,200000.0,490.0,345.0,205000.0,215.0,195.0,345.0,30.0,60.0,1.2,1.2,1.8,0.25,0.5,1.245,1000.0,600.0,400.0,
ジャパンパイル,JP-NPRC105,節杭,1200-1000,1200.0,1000.0,150.0,特厚,105.0,Ⅶ,11.2,24,2400.0,880.0,D32,24,19061.0,855.0,400600.0,488800.0,54750000.0,54750000.0,37302000000.0,45424000000.0,90849000.0,4.1,8.5,50.0,7.5,60.0,7.5,40.0,917.6,1690.0,2595.0,3874.0,628.0,1549.0,1155.0,947.0,2324.0,1733.0,1421.0,1674.0,1280.0,1073.0,2512.0,1920.0,1609.0,12660.0,410200.0,38231000000.0,4.8,941.0,1468.0,705.0,932.0,10337.0,40000.0,1275.0,1420.0,200000.0,490.0,345.0,205000.0,215.0,195.0,345.0,30.0,60.0,1.2,1.2,1.8,0.25,0.5,1.314,1000.0,600.0,400.0,
ジャパンパイル,JP-NPRC105,節杭,1100-1000,1100.0,1000.0,150.0,特厚,105.0,Ⅶ,11.2,24,2400.0,880.0,D32,24,19061.0,855.0,400600.0,488800.0,54750000.0,54750000.0,37302000000.0,45424000000.0,90849000.0,4.1,8.5,50.0,7.5,60.0,7.5,40.0,917.6,1690.0,2595.0,3874.0,628.0,1549.0,1155.0,947.0,2324.0,1733.0,1421.0,1674.0,1280.0,1073.0,2512.0,1920.0,1609.0,12660.0,410200.0,38231000000.0,4.8,941.0,1468.0,705.0,932.0,10337.0,40000.0,1275.0,1420.0,200000.0,490.0,345.0,205000.0,215.0,195.0,345.0,30.0,60.0,1.2,1.2,1.8,0.25,0.5,1.245,1000.0,600.0,400.0,
ジャパンパイル,JP-NPRC105,節杭,1200-1100,1200.0,1100.0,140.0,標準,105.0,ⅠA,12.6,26,3250.0,980.0,D13,26,3294.0,979.0,422200.0,448800.0,64969000.0,64969333.333333336,49675000000.0,52864000000.0,96117000.0,5.8,8.5,45.0,7.5,55.0,7.5,40.0,1134.0,1453.0,1755.0,2666.0,660.0,1403.0,1081.0,911.0,2104.0,1621.0,1366.0,1515.0,1193.0,1023.0,2273.0,1790.0,1535.0,10861.0,435200.0,51236000000.0,6.0,1259.0,2169.0,803.0,1051.0,10445.0,40000.0,1275.0,1420.0,200000.0,490.0,345.0,205000.0,215.0,195.0,345.0,30.0,60.0,1.2,1.2,1.8,0.25,0.5,1.342,1000.0,600.0,400.0,
ジャパンパイル,JP-NPRC105,節杭,1200-1100,1200.0,1100.0,140.0,標準,105.0,ⅠB,12.6,26,3250.0,980.0,D19,13,3725.0,971.0,422200.0,450600.0,64969000.0,64969333.333333336,49675000000.0,53047000000.0,96449000.0,5.8,8.5,45.0,7.5,55.0,7.5,40.0,1138.0,1473.0,1801.0,2729.0,663.0,1418.0,1091.0,919.0,2127.0,1637.0,1379.0,1531.0,1204.0,1031.0,2296.0,1805.0,1547.0,10905.0,435200.0,51236000000.0,6.0,1259.0,2169.0,803.0,1051.0,10445.0,40000.0,1275.0,1420.0,200000.0,490.0,345.0,205000.0,215.0,195.0,345.0,30.0,60.0,1.2,1.2,1.8,0.25,0.5,1.342,1000.0,600.0,400.0,
ジャパンパイル,JP-NPRC105,節杭,1200-1100,1200.0,1100.0,140.0,標準,105.0,ⅡA,12.6,26,3250.0,980.0,D22,13,5032.0,968.0,422200.0,456000.0,64969000.0,64969333.333333336,49675000000.0,53668000000.0,97578000.0,5.8,8.5,45.0,7.5,55.0,7.5,40.0,1151.0,1530.0,1938.0,2919.0,670.0,1461.0,1121.0,942.0,2191.0,1681.0,1412.0,1573.0,1233.0,1054.0,2360.0,1850.0,1581.0,11035.0,435200.0,51236000000.0,6.0,1259.0,2169.0,803.0,1051.0,10445.0,40000.0,1275.0,1420.0,200000.0,490.0,345.0,205000.0,215.0,195.0,345.0,30.0,60.0,1.2,1.2,1.8,0.25,0.5,1.342,1000.0,600.0,400.0,
ジャパンパイル,JP-NPRC105,節杭,1200-1100,1200.0,1100.0,140.0,標準,105.0,ⅡB,12.6,26,3250.0,980.0,D16,26,5164.0,975.0,422200.0,456500.0,64969000.0,64969333.333333336,49675000000.0,53768000000.0,97759000.0,5.8,8.5,45.0,7.5,55.0,7.5,40.0,1154.0,1539.0,1950.0,2940.0,672.0,1465.0,1124.0,944.0,2197.0,1685.0,1415.0,1577.0,1236.0,1056.0,2366.0,1854.0,1584.0,11047.0,435200.0,51236000000.0,6.0,1259.0,2169.0,803.0,1051.0,10445.0,40000.0,1275.0,1420.0,200000.0,490.0,345.0,205000.0,215.0,195.0,345.0,30.0,60.0,1.2,1.2,1.8,0.25,0.5,1.342,1000.0,600.0,400.0,
ジャパンパイル,JP-NPRC105,節杭,1200-1100,1200.0,1100.0,140.0,標準,105.0,Ⅲ,12.6,26,3250.0,980.0,D19,26,7449.0,971.0,422200.0,466000.0,64969000.0,64969333.333333336,49675000000.0,54858000000.0,99742000.0,5.7,8.5,45.0,7.5,55.0,7.5,40.0,1167.0,1629.0,2169.0,3266.0,680.0,1526.0,1165.0,975.0,2289.0,1748.0,1462.0,1638.0,1277.0,1087.0,2457.0,1916.0,1631.0,11324.0,435200.0,51236000000.0,6.0,1259.0,2169.0,803.0,1051.0,10445.0,40000.0,1275.0,1420.0,200000.0,490.0,345.0,205000.0,215.0,195.0,345.0,30.0,60.0,1.2,1.2,1.8,0.25,0.5,1.342,1000.0,600.0,400.0,
ジャパンパイル,JP-NPRC105,節杭,1200-1100,1200.0,1100.0,140.0,標準,105.0,Ⅳ,12.6,26,3250.0,980.0,D22,26,10065.0,968.0,422200.0,476700.0,64969000.0,64969333.333333336,49675000000.0,56100000000.0,102000000.0,5.5,8.5,45.0,7.5,55.0,7.5,40.0,1173.0,1724.0,2400.0,3630.0,686.0,1582.0,1203.0,1003.0,2374.0,1805.0,1505.0,1695.0,1315.0,1115.0,2542.0,1973.0,1673.0,11679.0,435200.0,51236000000.0,6.0,1259.0,2169.0,803.0,1051.0,10445.0,40000.0,1275.0,1420.0,200000.0,490.0,345.0,205000.0,215.0,195.0,345.0,30.0,60.0,1.2,1.2,1.8,0.25,0.5,1.342,1000.0,600.0,400.0,
ジャパンパイル,JP-NPRC105,節杭,1200-1100,1200.0,1100.0,140.0,標準,105.0,Ⅴ,12.6,26,3250.0,980.0,D25,26,13174.0,964.0,422200.0,489600.0,64969000.0,64969333.333333336,49675000000.0,57550000000.0,104640000.0,5.4,8.5,45.0,7.5,55.0,7.5,40.0,1193.0,1832.0,2690.0,4052.0,698.0,1641.0,1243.0,1033.0,2462.0,1865.0,1550.0,1754.0,1356.0,1146.0,2630.0,2033.0,1719.0,12044.0,435200.0,51236000000.0,6.0,1259.0,2169.0,803.0,1051.0,10445.0,40000.0,1275.0,1420.0,200000.0,490.0,345.0,205000.0,215.0,195.0,345.0,30.0,60.0,1.2,1.2,1.8,0.25,0.5,1.342,1000.0,600.0,400.0,
ジャパンパイル,JP-NPRC105,節杭,1200-1100,1200.0,1100.0,140.0,標準,105.0,Ⅵ,12.6,26,3250.0,980.0,D29,26,16702.0,961.0,422200.0,504100.0,64969000.0,64969333.333333336,49675000000.0,59191000000.0,107620000.0,5.3,8.5,45.0,7.5,55.0,7.5,40.0,1216.0,1948.0,3016.0,4518.0,712.0,1698.0,1282.0,1063.0,2548.0,1923.0,1594.0,1811.0,1394.0,1175.0,2716.0,2092.0,1763.0,12451.0,435200.0,51236000000.0,6.0,1259.0,2169.0,803.0,1051.0,10445.0,40000.0,1275.0,1420.0,200000.0,490.0,345.0,205000.0,215.0,195.0,345.0,30.0,60.0,1.2,1.2,1.8,0.25,0.5,1.342,1000.0,600.0,400.0,
ジャパンパイル,JP-NPRC105,節杭,1200-1100,1200.0,1100.0,140.0,標準,105.0,Ⅶ,12.6,26,3250.0,980.0,D32,26,20649.0,957.0,422200.0,520400.0,64969000.0,64969333.333333336,49675000000.0,60989000000.0,110890000.0,5.1,8.5,45.0,7.5,55.0,7.5,40.0,1231.0,2071.0,3360.0,5024.0,723.0,1752.0,1318.0,1089.0,2628.0,1977.0,1634.0,1864.0,1430.0,1202.0,2796.0,2146.0,1803.0,12958.0,435200.0,51236000000.0,6.0,1259.0,2169.0,803.0,1051.0,10445.0,40000.0,1275.0,1420.0,200000.0,490.0,345.0,205000.0,215.0,195.0,345.0,30.0,60.0,1.2,1.2,1.8,0.25,0.5,1.342,1000.0,600.0,400.0,
ジャパンパイル,JP-NPRC105,節杭,1200-1100,1200.0,1100.0,140.0,標準,105.0,Ⅷ,12.6,26,3250.0,980.0,D35,26,24872.0,954.0,422200.0,537800.0,64969000.0,64969333.333333336,49675000000.0,62910000000.0,114380000.0,5.0,8.5,45.0,7.5,55.0,7.5,40.0,1258.0,2197.0,3741.0,5554.0,740.0,1804.0,1353.0,1116.0,2706.0,2030.0,1674.0,1916.0,1466.0,1228.0,2874.0,2198.0,1842.0,13445.0,435200.0,51236000000.0,6.0,1259.0,2169.0,803.0,1051.0,10445.0,40000.0,1275.0,1420.0,200000.0,490.0,345.0,205000.0,215.0,195.0,345.0,30.0,60.0,1.2,1.2,1.8,0.25,0.5,1.342,1000.0,600.0,400.0,
ジャパンパイル,JP-NPRC105,節杭,1200-1100,1200.0,1100.0,160.0,特厚,105.0,ⅠA,12.6,26,3250.0,980.0,D13,26,3294.0,979.0,472500.0,499100.0,71371000.0,71370666.66666667,53699000000.0,56888000000.0,103430000.0,5.3,8.5,45.0,7.5,55.0,7.5,40.0,1169.0,1463.0,1766.0,2664.0,712.0,1466.0,1123.0,943.0,2199.0,1685.0,1414.0,1577.0,1234.0,1054.0,2366.0,1852.0,1581.0,12328.0,485500.0,55260000000.0,5.4,1300.0,2167.0,869.0,1143.0,11943.0,40000.0,1275.0,1420.0,200000.0,490.0,345.0,205000.0,215.0,195.0,345.0,30.0,60.0,1.2,1.2,1.8,0.25,0.5,1.473,1000.0,600.0,400.0,
ジャパンパイル,JP-NPRC105,節杭,1200-1100,1200.0,1100.0,160.0,特厚,105.0,ⅠB,12.6,26,3250.0,980.0,D19,13,3725.0,971.0,472500.0,500900.0,71371000.0,71370666.66666667,53699000000.0,57071000000.0,103770000.0,5.3,8.5,45.0,7.5,55.0,7.5,40.0,1173.0,1492.0,1812.0,2728.0,715.0,1482.0,1135.0,951.0,2224.0,1702.0,1427.0,1594.0,1246.0,1062.0,2390.0,1869.0,1594.0,12372.0,485500.0,55260000000.0,5.4,1300.0,2167.0,869.0,1143.0,11943.0,40000.0,1275.0,1420.0,200000.0,490.0,345.0,205000.0,215.0,195.0,345.0,30.0,60.0,1.2,1.2,1.8,0.25,0.5,1.473,1000.0,600.0,400.0,
ジャパンパイル,JP-NPRC105,節杭,1200-1100,1200.0,1100.0,160.0,特厚,105.0,ⅡA,12.6,26,3250.0,980.0,D22,13,5032.0,968.0,472500.0,506300.0,71371000.0,71370666.66666667,53699000000.0,57692000000.0,104890000.0,5.2,8.5,45.0,7.5,55.0,7.5,40.0,1175.0,1559.0,1929.0,2919.0,717.0,1526.0,1164.0,973.0,2289.0,1746.0,1460.0,1637.0,1275.0,1084.0,2456.0,1913.0,1627.0,12556.0,485500.0,55260000000.0,5.4,1300.0,2167.0,869.0,1143.0,11943.0,40000.0,1275.0,1420.0,200000.0,490.0,345.0,205000.0,215.0,195.0,345.0,30.0,60.0,1.2,1.2,1.8,0.25,0.5,1.473,1000.0,600.0,400.0,
ジャパンパイル,JP-NPRC105,節杭,1200-1100,1200.0,1100.0,160.0,特厚,105.0,ⅡB,12.6,26,3250.0,980.0,D16,26,5164.0,975.0,472500.0,506800.0,71371000.0,71370666.66666667,53699000000.0,57791000000.0,105080000.0,5.2,8.5,45.0,7.5,55.0,7.5,40.0,1177.0,1567.0,1941.0,2939.0,718.0,1530.0,1167.0,975.0,2295.0,1750.0,1463.0,1641.0,1278.0,1087.0,2462.0,1917.0,1630.0,12569.0,485500.0,55260000000.0,5.4,1300.0,2167.0,869.0,1143.0,11943.0,40000.0,1275.0,1420.0,200000.0,490.0,345.0,205000.0,215.0,195.0,345.0,30.0,60.0,1.2,1.2,1.8,0.25,0.5,1.473,1000.0,600.0,400.0,
ジャパンパイル,JP-NPRC105,節杭,1200-1100,1200.0,1100.0,160.0,特厚,105.0,Ⅲ,12.6,26,3250.0,980.0,D19,26,7449.0,971.0,472500.0,516200.0,71371000.0,71370666.66666667,53699000000.0,58882000000.0,107060000.0,5.1,8.5,45.0,7.5,55.0,7.5,40.0,1188.0,1696.0,2157.0,3265.0,726.0,1595.0,1211.0,1009.0,2392.0,1817.0,1513.0,1706.0,1322.0,1120.0,2559.0,1983.0,1680.0,12853.0,485500.0,55260000000.0,5.4,1300.0,2167.0,869.0,1143.0,11943.0,40000.0,1275.0,1420.0,200000.0,490.0,345.0,205000.0,215.0,195.0,345.0,30.0,60.0,1.2,1.2,1.8,0.25,0.5,1.473,1000.0,600.0,400.0,
ジャパンパイル,JP-NPRC105,節杭,1200-1100,1200.0,1100.0,160.0,特厚,105.0,Ⅳ,12.6,26,3250.0,980.0,D22,26,10065.0,968.0,472500.0,527000.0,71371000.0,71370666.66666667,53699000000.0,60124000000.0,109320000.0,5.1,8.5,45.0,7.5,55.0,7.5,40.0,1213.0,1810.0,2421.0,3633.0,741.0,1659.0,1255.0,1043.0,2488.0,1883.0,1564.0,1770.0,1366.0,1154.0,2655.0,2050.0,1730.0,13122.0,485500.0,55260000000.0,5.4,1300.0,2167.0,869.0,1143.0,11943.0,40000.0,1275.0,1420.0,200000.0,490.0,345.0,205000.0,215.0,195.0,345.0,30.0,60.0,1.2,1.2,1.8,0.25,0.5,1.473,1000.0,600.0,400.0,
ジャパンパイル,JP-NPRC105,節杭,1200-1100,1200.0,1100.0,160.0,特厚,105.0,Ⅴ,12.6,26,3250.0,980.0,D25,26,13174.0,964.0,472500.0,539800.0,71371000.0,71370666.66666667,53699000000.0,61574000000.0,111950000.0,4.9,8.5,45.0,7.5,55.0,7.5,40.0,1220.0,1924.0,2692.0,4057.0,747.0,1720.0,1296.0,1073.0,2579.0,1944.0,1609.0,1831.0,1407.0,1184.0,2746.0,2111.0,1776.0,13549.0,485500.0,55260000000.0,5.4,1300.0,2167.0,869.0,1143.0,11943.0,40000.0,1275.0,1420.0,200000.0,490.0,345.0,205000.0,215.0,195.0,345.0,30.0,60.0,1.2,1.2,1.8,0.25,0.5,1.473,1000.0,600.0,400.0,
ジャパンパイル,JP-NPRC105,節杭,1200-1100,1200.0,1100.0,160.0,特厚,105.0,Ⅵ,12.6,26,3250.0,980.0,D29,26,16702.0,961.0,472500.0,554400.0,71371000.0,71370666.66666667,53699000000.0,63215000000.0,114940000.0,4.8,8.5,45.0,7.5,55.0,7.5,40.0,1241.0,2049.0,3015.0,4528.0,761.0,1780.0,1337.0,1104.0,2671.0,2006.0,1656.0,1892.0,1449.0,1215.0,2837.0,2173.0,1823.0,13971.0,485500.0,55260000000.0,5.4,1300.0,2167.0,869.0,1143.0,11943.0,40000.0,1275.0,1420.0,200000.0,490.0,345.0,205000.0,215.0,195.0,345.0,30.0,60.0,1.2,1.2,1.8,0.25,0.5,1.473,1000.0,600.0,400.0,
ジャパンパイル,JP-NPRC105,節杭,1200-1100,1200.0,1100.0,160.0,特厚,105.0,Ⅶ,12.6,26,3250.0,980.0,D32,26,20649.0,957.0,472500.0,570700.0,71371000.0,71370666.66666667,53699000000.0,65013000000.0,118210000.0,4.7,8.5,45.0,7.5,55.0,7.5,40.0,1265.0,2178.0,3372.0,5039.0,776.0,1839.0,1378.0,1134.0,2759.0,2066.0,1701.0,1950.0,1489.0,1245.0,2926.0,2233.0,1868.0,14439.0,485500.0,55260000000.0,5.4,1300.0,2167.0,869.0,1143.0,11943.0,40000.0,1275.0,1420.0,200000.0,490.0,345.0,205000.0,215.0,195.0,345.0,30.0,60.0,1.2,1.2,1.8,0.25,0.5,1.473,1000.0,600.0,400.0,
ジャパンパイル,JP-NPRC105,節杭,1200-1100,1200.0,1100.0,160.0,特厚,105.0,Ⅷ,12.6,26,3250.0,980.0,D35,26,24872.0,954.0,472500.0,588100.0,71371000.0,71370666.66666667,53699000000.0,66934000000.0,121700000.0,4.6,8.5,45.0,7.5,55.0,7.5,40.0,1290.0,2311.0,3751.0,5576.0,792.0,1894.0,1415.0,1162.0,2841.0,2122.0,1743.0,2005.0,1526.0,1273.0,3008.0,2289.0,1910.0,14938.0,485500.0,55260000000.0,5.4,1300.0,2167.0,869.0,1143.0,11943.0,40000.0,1275.0,1420.0,200000.0,490.0,345.0,205000.0,215.0,195.0,345.0,30.0,60.0,1.2,1.2,1.8,0.25,0.5,1.473,1000.0,600.0,400.0,
